# osCommerce, Open Source E-Commerce Solutions
# http://www.oscommerce.com
#
# Database Backup For Clean Style
# Copyright (c) 2013 dian
#
# Database: osc233-brooches
# Database Server: localhost
#
# Backup Date: 03/28/2013 23:18:50

drop table if exists action_recorder;
create table action_recorder (
  id int(11) not null auto_increment,
  module varchar(255) not null ,
  user_id int(11) ,
  user_name varchar(255) ,
  identifier varchar(255) not null ,
  success char(1) ,
  date_added datetime not null ,
  PRIMARY KEY (id),
  KEY idx_action_recorder_module (module),
  KEY idx_action_recorder_user_id (user_id),
  KEY idx_action_recorder_identifier (identifier),
  KEY idx_action_recorder_date_added (date_added)
);

insert into action_recorder (id, module, user_id, user_name, identifier, success, date_added) values ('4', 'ar_reset_password', '2', 'santoso@gmail.com', '127.0.0.1', '1', '2012-08-25 11:36:49');
insert into action_recorder (id, module, user_id, user_name, identifier, success, date_added) values ('171', 'ar_admin_login', '1', 'admin', '127.0.0.1', '1', '2013-03-25 07:21:44');
insert into action_recorder (id, module, user_id, user_name, identifier, success, date_added) values ('172', 'ar_admin_login', '1', 'admin', '127.0.0.1', '1', '2013-03-25 07:26:50');
insert into action_recorder (id, module, user_id, user_name, identifier, success, date_added) values ('173', 'ar_admin_login', '1', 'admin', '127.0.0.1', '1', '2013-03-25 07:38:07');
insert into action_recorder (id, module, user_id, user_name, identifier, success, date_added) values ('174', 'ar_admin_login', '1', 'admin', '127.0.0.1', '1', '2013-03-25 08:50:21');
insert into action_recorder (id, module, user_id, user_name, identifier, success, date_added) values ('175', 'ar_admin_login', '1', 'admin', '127.0.0.1', '1', '2013-03-25 09:02:31');
insert into action_recorder (id, module, user_id, user_name, identifier, success, date_added) values ('176', 'ar_admin_login', '1', 'admin', '127.0.0.1', '1', '2013-03-25 09:18:47');
insert into action_recorder (id, module, user_id, user_name, identifier, success, date_added) values ('177', 'ar_admin_login', '1', 'admin', '127.0.0.1', '1', '2013-03-25 09:21:06');
insert into action_recorder (id, module, user_id, user_name, identifier, success, date_added) values ('178', 'ar_admin_login', '1', 'admin', '127.0.0.1', '1', '2013-03-25 10:39:19');
insert into action_recorder (id, module, user_id, user_name, identifier, success, date_added) values ('179', 'ar_admin_login', '1', 'admin', '127.0.0.1', '1', '2013-03-25 10:45:00');
insert into action_recorder (id, module, user_id, user_name, identifier, success, date_added) values ('180', 'ar_admin_login', '1', 'admin', '127.0.0.1', '1', '2013-03-25 10:52:42');
insert into action_recorder (id, module, user_id, user_name, identifier, success, date_added) values ('181', 'ar_admin_login', '1', 'admin', '127.0.0.1', '1', '2013-03-25 10:56:13');
insert into action_recorder (id, module, user_id, user_name, identifier, success, date_added) values ('182', 'ar_admin_login', '1', 'admin', '127.0.0.1', '1', '2013-03-25 11:06:53');
insert into action_recorder (id, module, user_id, user_name, identifier, success, date_added) values ('183', 'ar_admin_login', '1', 'admin', '127.0.0.1', '1', '2013-03-25 11:13:15');
insert into action_recorder (id, module, user_id, user_name, identifier, success, date_added) values ('184', 'ar_admin_login', '1', 'admin', '127.0.0.1', '1', '2013-03-25 11:16:42');
insert into action_recorder (id, module, user_id, user_name, identifier, success, date_added) values ('185', 'ar_admin_login', '1', 'admin', '127.0.0.1', '1', '2013-03-25 11:26:00');
insert into action_recorder (id, module, user_id, user_name, identifier, success, date_added) values ('186', 'ar_admin_login', '1', 'admin', '127.0.0.1', '1', '2013-03-25 11:28:32');
insert into action_recorder (id, module, user_id, user_name, identifier, success, date_added) values ('187', 'ar_admin_login', '1', 'admin', '127.0.0.1', '1', '2013-03-25 11:41:57');
insert into action_recorder (id, module, user_id, user_name, identifier, success, date_added) values ('188', 'ar_admin_login', '1', 'admin', '127.0.0.1', '1', '2013-03-25 11:53:10');
insert into action_recorder (id, module, user_id, user_name, identifier, success, date_added) values ('189', 'ar_admin_login', '1', 'admin', '127.0.0.1', '1', '2013-03-25 12:02:21');
insert into action_recorder (id, module, user_id, user_name, identifier, success, date_added) values ('190', 'ar_admin_login', '1', 'admin', '127.0.0.1', '1', '2013-03-25 12:43:14');
insert into action_recorder (id, module, user_id, user_name, identifier, success, date_added) values ('191', 'ar_admin_login', '1', 'admin', '127.0.0.1', '1', '2013-03-25 12:52:28');
insert into action_recorder (id, module, user_id, user_name, identifier, success, date_added) values ('192', 'ar_admin_login', '1', 'admin', '127.0.0.1', '1', '2013-03-26 07:26:16');
insert into action_recorder (id, module, user_id, user_name, identifier, success, date_added) values ('193', 'ar_admin_login', '1', 'admin', '127.0.0.1', '1', '2013-03-26 08:16:08');
insert into action_recorder (id, module, user_id, user_name, identifier, success, date_added) values ('194', 'ar_admin_login', '1', 'admin', '127.0.0.1', '1', '2013-03-26 14:36:59');
insert into action_recorder (id, module, user_id, user_name, identifier, success, date_added) values ('195', 'ar_admin_login', '1', 'admin', '127.0.0.1', '1', '2013-03-26 14:43:12');
insert into action_recorder (id, module, user_id, user_name, identifier, success, date_added) values ('196', 'ar_admin_login', '1', 'admin', '127.0.0.1', '1', '2013-03-26 14:51:30');
insert into action_recorder (id, module, user_id, user_name, identifier, success, date_added) values ('197', 'ar_admin_login', '1', 'admin', '127.0.0.1', '1', '2013-03-26 14:59:29');
insert into action_recorder (id, module, user_id, user_name, identifier, success, date_added) values ('198', 'ar_admin_login', '1', 'admin', '127.0.0.1', '1', '2013-03-26 15:15:45');
insert into action_recorder (id, module, user_id, user_name, identifier, success, date_added) values ('199', 'ar_admin_login', '0', '', '127.0.0.1', '0', '2013-03-26 15:24:57');
insert into action_recorder (id, module, user_id, user_name, identifier, success, date_added) values ('200', 'ar_admin_login', '1', 'admin', '127.0.0.1', '1', '2013-03-26 15:25:11');
insert into action_recorder (id, module, user_id, user_name, identifier, success, date_added) values ('201', 'ar_admin_login', '1', 'admin', '127.0.0.1', '1', '2013-03-26 15:34:06');
insert into action_recorder (id, module, user_id, user_name, identifier, success, date_added) values ('202', 'ar_admin_login', '1', 'admin', '127.0.0.1', '1', '2013-03-26 15:45:44');
insert into action_recorder (id, module, user_id, user_name, identifier, success, date_added) values ('203', 'ar_admin_login', '0', '', '127.0.0.1', '0', '2013-03-27 07:32:17');
insert into action_recorder (id, module, user_id, user_name, identifier, success, date_added) values ('204', 'ar_admin_login', '0', '', '127.0.0.1', '0', '2013-03-27 07:32:43');
insert into action_recorder (id, module, user_id, user_name, identifier, success, date_added) values ('205', 'ar_admin_login', '0', '', '127.0.0.1', '0', '2013-03-27 07:32:59');
insert into action_recorder (id, module, user_id, user_name, identifier, success, date_added) values ('206', 'ar_admin_login', '0', '', '127.0.0.1', '0', '2013-03-27 07:33:22');
insert into action_recorder (id, module, user_id, user_name, identifier, success, date_added) values ('207', 'ar_admin_login', '0', '', '127.0.0.1', '0', '2013-03-27 07:33:36');
insert into action_recorder (id, module, user_id, user_name, identifier, success, date_added) values ('208', 'ar_admin_login', '0', '', '127.0.0.1', '0', '2013-03-27 07:34:00');
insert into action_recorder (id, module, user_id, user_name, identifier, success, date_added) values ('209', 'ar_admin_login', '0', '', '127.0.0.1', '0', '2013-03-27 07:34:22');
insert into action_recorder (id, module, user_id, user_name, identifier, success, date_added) values ('210', 'ar_admin_login', '0', 'admin', '127.0.0.1', '0', '2013-03-27 07:34:36');
insert into action_recorder (id, module, user_id, user_name, identifier, success, date_added) values ('211', 'ar_admin_login', '0', 'admin', '127.0.0.1', '0', '2013-03-27 07:36:18');
insert into action_recorder (id, module, user_id, user_name, identifier, success, date_added) values ('212', 'ar_admin_login', '1', 'admin', '127.0.0.1', '1', '2013-03-27 07:42:05');
insert into action_recorder (id, module, user_id, user_name, identifier, success, date_added) values ('213', 'ar_admin_login', '1', 'admin', '127.0.0.1', '1', '2013-03-27 07:50:19');
insert into action_recorder (id, module, user_id, user_name, identifier, success, date_added) values ('214', 'ar_admin_login', '1', 'admin', '127.0.0.1', '1', '2013-03-29 04:49:06');
insert into action_recorder (id, module, user_id, user_name, identifier, success, date_added) values ('215', 'ar_admin_login', '1', 'admin', '127.0.0.1', '1', '2013-03-29 04:50:59');
insert into action_recorder (id, module, user_id, user_name, identifier, success, date_added) values ('216', 'ar_admin_login', '1', 'admin', '127.0.0.1', '1', '2013-03-29 05:08:05');
insert into action_recorder (id, module, user_id, user_name, identifier, success, date_added) values ('217', 'ar_admin_login', '1', 'admin', '127.0.0.1', '1', '2013-03-29 05:18:39');
drop table if exists address_book;
create table address_book (
  address_book_id int(11) not null auto_increment,
  customers_id int(11) not null ,
  entry_gender char(1) ,
  entry_company varchar(255) ,
  entry_firstname varchar(255) not null ,
  entry_lastname varchar(255) not null ,
  entry_street_address varchar(255) not null ,
  entry_suburb varchar(255) ,
  entry_postcode varchar(255) not null ,
  entry_city varchar(255) not null ,
  entry_state varchar(255) ,
  entry_country_id int(11) default '0' not null ,
  entry_zone_id int(11) default '0' not null ,
  PRIMARY KEY (address_book_id),
  KEY idx_address_book_customers_id (customers_id)
);

insert into address_book (address_book_id, customers_id, entry_gender, entry_company, entry_firstname, entry_lastname, entry_street_address, entry_suburb, entry_postcode, entry_city, entry_state, entry_country_id, entry_zone_id) values ('1', '1', 'm', 'red', 'dian', 'santoso', 'florida', '', '343434', 'florida', '', '223', '18');
insert into address_book (address_book_id, customers_id, entry_gender, entry_company, entry_firstname, entry_lastname, entry_street_address, entry_suburb, entry_postcode, entry_city, entry_state, entry_country_id, entry_zone_id) values ('2', '2', 'm', 'red', 'santoso', 'san', 'florida', 'Your suburb', '32342', 'florida', '', '223', '18');
drop table if exists address_format;
create table address_format (
  address_format_id int(11) not null auto_increment,
  address_format varchar(128) not null ,
  address_summary varchar(48) not null ,
  PRIMARY KEY (address_format_id)
);

insert into address_format (address_format_id, address_format, address_summary) values ('1', '$firstname $lastname$cr$streets$cr$city, $postcode$cr$statecomma$country', '$city / $country');
insert into address_format (address_format_id, address_format, address_summary) values ('2', '$firstname $lastname$cr$streets$cr$city, $state    $postcode$cr$country', '$city, $state / $country');
insert into address_format (address_format_id, address_format, address_summary) values ('3', '$firstname $lastname$cr$streets$cr$city$cr$postcode - $statecomma$country', '$state / $country');
insert into address_format (address_format_id, address_format, address_summary) values ('4', '$firstname $lastname$cr$streets$cr$city ($postcode)$cr$country', '$postcode / $country');
insert into address_format (address_format_id, address_format, address_summary) values ('5', '$firstname $lastname$cr$streets$cr$postcode $city$cr$country', '$city / $country');
drop table if exists administrators;
create table administrators (
  id int(11) not null auto_increment,
  user_name varchar(255) not null ,
  user_password varchar(60) not null ,
  PRIMARY KEY (id)
);

insert into administrators (id, user_name, user_password) values ('1', 'admin', '$P$DkAMtloB.1tGGE7mPvElIwA.cEqbLs/');
drop table if exists banners;
create table banners (
  banners_id int(11) not null auto_increment,
  banners_title varchar(64) not null ,
  banners_url varchar(255) not null ,
  banners_image varchar(64) not null ,
  banners_group varchar(10) not null ,
  banners_html_text text ,
  expires_impressions int(7) default '0' ,
  expires_date datetime ,
  date_scheduled datetime ,
  date_added datetime not null ,
  date_status_change datetime ,
  status int(1) default '1' not null ,
  PRIMARY KEY (banners_id),
  KEY idx_banners_group (banners_group)
);

insert into banners (banners_id, banners_title, banners_url, banners_image, banners_group, banners_html_text, expires_impressions, expires_date, date_scheduled, date_added, date_status_change, status) values ('1', 'osCommerce', 'http://www.oscommerce.com', 'banners/oscommerce.gif', '468x50', '', '0', NULL, NULL, '2012-08-25 08:48:58', '2012-09-24 07:03:11', '0');
insert into banners (banners_id, banners_title, banners_url, banners_image, banners_group, banners_html_text, expires_impressions, expires_date, date_scheduled, date_added, date_status_change, status) values ('2', 'oke', 'http://www.eyefuldesign.info', 'payment-logo.png', '250x80', '', NULL, NULL, NULL, '2012-09-24 07:05:20', '2012-09-24 07:06:36', '1');
insert into banners (banners_id, banners_title, banners_url, banners_image, banners_group, banners_html_text, expires_impressions, expires_date, date_scheduled, date_added, date_status_change, status) values ('4', 'paypal', 'http://www.eyefuldesign.info', 'paypal-payment-logo.png', '210x80', '', NULL, NULL, NULL, '2012-10-07 08:05:14', '2012-10-07 08:05:18', '1');
drop table if exists banners_history;
create table banners_history (
  banners_history_id int(11) not null auto_increment,
  banners_id int(11) not null ,
  banners_shown int(5) default '0' not null ,
  banners_clicked int(5) default '0' not null ,
  banners_history_date datetime not null ,
  PRIMARY KEY (banners_history_id),
  KEY idx_banners_history_banners_id (banners_id)
);

insert into banners_history (banners_history_id, banners_id, banners_shown, banners_clicked, banners_history_date) values ('1', '1', '103', '0', '2012-08-25 08:51:19');
insert into banners_history (banners_history_id, banners_id, banners_shown, banners_clicked, banners_history_date) values ('2', '1', '131', '0', '2012-09-23 14:39:45');
insert into banners_history (banners_history_id, banners_id, banners_shown, banners_clicked, banners_history_date) values ('4', '2', '46', '0', '2012-09-24 07:45:54');
insert into banners_history (banners_history_id, banners_id, banners_shown, banners_clicked, banners_history_date) values ('5', '2', '226', '0', '2012-09-27 08:04:35');
insert into banners_history (banners_history_id, banners_id, banners_shown, banners_clicked, banners_history_date) values ('7', '2', '248', '0', '2012-09-28 03:22:50');
insert into banners_history (banners_history_id, banners_id, banners_shown, banners_clicked, banners_history_date) values ('9', '2', '670', '0', '2012-09-29 06:14:46');
insert into banners_history (banners_history_id, banners_id, banners_shown, banners_clicked, banners_history_date) values ('11', '2', '23', '0', '2012-09-30 00:30:43');
insert into banners_history (banners_history_id, banners_id, banners_shown, banners_clicked, banners_history_date) values ('14', '4', '190', '0', '2012-10-07 08:05:19');
insert into banners_history (banners_history_id, banners_id, banners_shown, banners_clicked, banners_history_date) values ('15', '4', '412', '0', '2012-10-08 08:11:18');
insert into banners_history (banners_history_id, banners_id, banners_shown, banners_clicked, banners_history_date) values ('16', '2', '317', '0', '2012-10-08 12:45:05');
insert into banners_history (banners_history_id, banners_id, banners_shown, banners_clicked, banners_history_date) values ('17', '2', '582', '0', '2012-10-09 06:46:47');
insert into banners_history (banners_history_id, banners_id, banners_shown, banners_clicked, banners_history_date) values ('18', '4', '580', '0', '2012-10-09 06:46:47');
insert into banners_history (banners_history_id, banners_id, banners_shown, banners_clicked, banners_history_date) values ('19', '2', '148', '0', '2012-10-10 20:46:29');
insert into banners_history (banners_history_id, banners_id, banners_shown, banners_clicked, banners_history_date) values ('20', '4', '147', '0', '2012-10-10 20:46:30');
insert into banners_history (banners_history_id, banners_id, banners_shown, banners_clicked, banners_history_date) values ('21', '2', '254', '0', '2012-10-11 05:32:47');
insert into banners_history (banners_history_id, banners_id, banners_shown, banners_clicked, banners_history_date) values ('22', '4', '363', '0', '2012-10-11 05:32:49');
insert into banners_history (banners_history_id, banners_id, banners_shown, banners_clicked, banners_history_date) values ('23', '4', '3', '0', '2012-10-12 08:42:18');
insert into banners_history (banners_history_id, banners_id, banners_shown, banners_clicked, banners_history_date) values ('24', '4', '174', '0', '2012-10-13 07:15:59');
insert into banners_history (banners_history_id, banners_id, banners_shown, banners_clicked, banners_history_date) values ('25', '4', '5', '0', '2012-10-14 05:52:44');
insert into banners_history (banners_history_id, banners_id, banners_shown, banners_clicked, banners_history_date) values ('26', '4', '2', '0', '2012-10-19 06:55:37');
insert into banners_history (banners_history_id, banners_id, banners_shown, banners_clicked, banners_history_date) values ('27', '4', '3', '0', '2012-11-22 23:00:16');
insert into banners_history (banners_history_id, banners_id, banners_shown, banners_clicked, banners_history_date) values ('28', '4', '273', '0', '2012-11-23 07:26:23');
insert into banners_history (banners_history_id, banners_id, banners_shown, banners_clicked, banners_history_date) values ('29', '2', '265', '0', '2012-11-23 07:31:29');
insert into banners_history (banners_history_id, banners_id, banners_shown, banners_clicked, banners_history_date) values ('30', '2', '74', '0', '2013-03-06 11:51:28');
insert into banners_history (banners_history_id, banners_id, banners_shown, banners_clicked, banners_history_date) values ('31', '4', '74', '0', '2013-03-06 11:51:30');
insert into banners_history (banners_history_id, banners_id, banners_shown, banners_clicked, banners_history_date) values ('32', '2', '9', '0', '2013-03-07 08:38:00');
insert into banners_history (banners_history_id, banners_id, banners_shown, banners_clicked, banners_history_date) values ('33', '4', '9', '0', '2013-03-07 08:38:01');
insert into banners_history (banners_history_id, banners_id, banners_shown, banners_clicked, banners_history_date) values ('34', '2', '7', '0', '2013-03-11 23:32:57');
insert into banners_history (banners_history_id, banners_id, banners_shown, banners_clicked, banners_history_date) values ('35', '4', '7', '0', '2013-03-11 23:32:59');
insert into banners_history (banners_history_id, banners_id, banners_shown, banners_clicked, banners_history_date) values ('36', '2', '22', '0', '2013-03-09 07:26:06');
insert into banners_history (banners_history_id, banners_id, banners_shown, banners_clicked, banners_history_date) values ('37', '4', '22', '0', '2013-03-09 07:26:08');
insert into banners_history (banners_history_id, banners_id, banners_shown, banners_clicked, banners_history_date) values ('38', '2', '202', '0', '2013-03-15 07:55:22');
insert into banners_history (banners_history_id, banners_id, banners_shown, banners_clicked, banners_history_date) values ('39', '4', '267', '0', '2013-03-15 07:55:23');
insert into banners_history (banners_history_id, banners_id, banners_shown, banners_clicked, banners_history_date) values ('40', '4', '164', '0', '2013-03-16 04:42:16');
insert into banners_history (banners_history_id, banners_id, banners_shown, banners_clicked, banners_history_date) values ('41', '4', '1', '0', '2013-03-19 10:29:10');
insert into banners_history (banners_history_id, banners_id, banners_shown, banners_clicked, banners_history_date) values ('42', '4', '60', '0', '2013-03-24 06:59:32');
insert into banners_history (banners_history_id, banners_id, banners_shown, banners_clicked, banners_history_date) values ('43', '4', '1', '0', '2013-03-25 07:34:00');
insert into banners_history (banners_history_id, banners_id, banners_shown, banners_clicked, banners_history_date) values ('44', '4', '82', '0', '2013-03-27 13:08:16');
insert into banners_history (banners_history_id, banners_id, banners_shown, banners_clicked, banners_history_date) values ('45', '4', '47', '0', '2013-03-28 19:33:04');
insert into banners_history (banners_history_id, banners_id, banners_shown, banners_clicked, banners_history_date) values ('46', '4', '6', '0', '2013-03-29 04:51:42');
drop table if exists categories;
create table categories (
  categories_id int(11) not null auto_increment,
  categories_image varchar(64) ,
  parent_id int(11) default '0' not null ,
  sort_order int(3) ,
  date_added datetime ,
  last_modified datetime ,
  PRIMARY KEY (categories_id),
  KEY idx_categories_parent_id (parent_id)
);

insert into categories (categories_id, categories_image, parent_id, sort_order, date_added, last_modified) values ('1', 'image-placeholder80x50-Optimized.png', '0', '1', '2012-08-25 08:48:58', '2012-09-27 08:09:12');
insert into categories (categories_id, categories_image, parent_id, sort_order, date_added, last_modified) values ('2', 'image-placeholder80x50-Optimized.png', '0', '2', '2012-08-25 08:48:58', '2012-09-27 08:17:18');
insert into categories (categories_id, categories_image, parent_id, sort_order, date_added, last_modified) values ('3', 'image-placeholder80x50-Optimized.png', '0', '3', '2012-08-25 08:48:58', '2012-09-27 08:20:24');
insert into categories (categories_id, categories_image, parent_id, sort_order, date_added, last_modified) values ('16', 'image-placeholder-Optimized.png', '1', '0', '2012-08-25 08:48:59', '2012-09-27 08:11:28');
insert into categories (categories_id, categories_image, parent_id, sort_order, date_added, last_modified) values ('17', 'image-placeholder-Optimized.png', '1', '0', '2012-08-25 08:48:59', '2012-09-27 08:10:06');
insert into categories (categories_id, categories_image, parent_id, sort_order, date_added, last_modified) values ('21', 'image-placeholder80x50-Optimized.png', '0', '4', '2012-08-25 08:48:59', '2012-09-27 08:24:33');
insert into categories (categories_id, categories_image, parent_id, sort_order, date_added, last_modified) values ('22', 'image-placeholder80x50-Optimized.png', '0', '5', '2012-09-27 08:26:30', NULL);
drop table if exists categories_description;
create table categories_description (
  categories_id int(11) default '0' not null ,
  language_id int(11) default '1' not null ,
  categories_name varchar(32) not null ,
  PRIMARY KEY (categories_id, language_id),
  KEY idx_categories_name (categories_name)
);

insert into categories_description (categories_id, language_id, categories_name) values ('16', '1', 'Lorem Amet');
insert into categories_description (categories_id, language_id, categories_name) values ('16', '2', 'Lorem Amet');
insert into categories_description (categories_id, language_id, categories_name) values ('16', '3', 'Lorem Amet');
insert into categories_description (categories_id, language_id, categories_name) values ('17', '1', 'Lorem Dolor');
insert into categories_description (categories_id, language_id, categories_name) values ('17', '2', 'Lorem Dolor');
insert into categories_description (categories_id, language_id, categories_name) values ('17', '3', 'Lorem Dolor');
insert into categories_description (categories_id, language_id, categories_name) values ('1', '1', 'Lorem Ipsum Set');
insert into categories_description (categories_id, language_id, categories_name) values ('1', '2', 'Lorem Ipsum Set');
insert into categories_description (categories_id, language_id, categories_name) values ('1', '3', 'Lorem Ipsum Set');
insert into categories_description (categories_id, language_id, categories_name) values ('22', '1', 'Proin nec justo');
insert into categories_description (categories_id, language_id, categories_name) values ('22', '2', 'Proin nec justo');
insert into categories_description (categories_id, language_id, categories_name) values ('22', '3', 'Proin nec justo');
insert into categories_description (categories_id, language_id, categories_name) values ('2', '1', 'Quisque eget purus');
insert into categories_description (categories_id, language_id, categories_name) values ('2', '2', 'Quisque eget purus');
insert into categories_description (categories_id, language_id, categories_name) values ('2', '3', 'Quisque eget purus');
insert into categories_description (categories_id, language_id, categories_name) values ('21', '1', 'Suspendisse potenti');
insert into categories_description (categories_id, language_id, categories_name) values ('21', '2', 'Suspendisse potenti');
insert into categories_description (categories_id, language_id, categories_name) values ('21', '3', 'Suspendisse potenti');
insert into categories_description (categories_id, language_id, categories_name) values ('3', '1', 'Vestibulum vitae');
insert into categories_description (categories_id, language_id, categories_name) values ('3', '2', 'Vestibulum vitae');
insert into categories_description (categories_id, language_id, categories_name) values ('3', '3', 'Vestibulum vitae');
drop table if exists configuration;
create table configuration (
  configuration_id int(11) not null auto_increment,
  configuration_title varchar(255) not null ,
  configuration_key varchar(255) not null ,
  configuration_value text not null ,
  configuration_description varchar(255) not null ,
  configuration_group_id int(11) not null ,
  sort_order int(5) ,
  last_modified datetime ,
  date_added datetime not null ,
  use_function varchar(255) ,
  set_function varchar(700) ,
  PRIMARY KEY (configuration_id)
);

insert into configuration (configuration_id, configuration_title, configuration_key, configuration_value, configuration_description, configuration_group_id, sort_order, last_modified, date_added, use_function, set_function) values ('1', 'Store Name', 'STORE_NAME', 'Clean Style', 'The name of my store', '1', '1', '2013-03-26 14:37:40', '2012-08-25 08:48:59', NULL, NULL);
insert into configuration (configuration_id, configuration_title, configuration_key, configuration_value, configuration_description, configuration_group_id, sort_order, last_modified, date_added, use_function, set_function) values ('2', 'Store Owner', 'STORE_OWNER', 'dian', 'The name of my store owner', '1', '2', NULL, '2012-08-25 08:48:59', NULL, NULL);
insert into configuration (configuration_id, configuration_title, configuration_key, configuration_value, configuration_description, configuration_group_id, sort_order, last_modified, date_added, use_function, set_function) values ('3', 'E-Mail Address', 'STORE_OWNER_EMAIL_ADDRESS', 'budalsekolah@gmail.com', 'The e-mail address of my store owner', '1', '3', NULL, '2012-08-25 08:48:59', NULL, NULL);
insert into configuration (configuration_id, configuration_title, configuration_key, configuration_value, configuration_description, configuration_group_id, sort_order, last_modified, date_added, use_function, set_function) values ('4', 'E-Mail From', 'EMAIL_FROM', '\"dian\" <budalsekolah@gmail.com>', 'The e-mail address used in (sent) e-mails', '1', '4', NULL, '2012-08-25 08:48:59', NULL, NULL);
insert into configuration (configuration_id, configuration_title, configuration_key, configuration_value, configuration_description, configuration_group_id, sort_order, last_modified, date_added, use_function, set_function) values ('5', 'Country', 'STORE_COUNTRY', '223', 'The country my store is located in <br /><br /><strong>Note: Please remember to update the store zone.</strong>', '1', '6', NULL, '2012-08-25 08:48:59', 'tep_get_country_name', 'tep_cfg_pull_down_country_list(');
insert into configuration (configuration_id, configuration_title, configuration_key, configuration_value, configuration_description, configuration_group_id, sort_order, last_modified, date_added, use_function, set_function) values ('6', 'Zone', 'STORE_ZONE', '18', 'The zone my store is located in', '1', '7', NULL, '2012-08-25 08:48:59', 'tep_cfg_get_zone_name', 'tep_cfg_pull_down_zone_list(');
insert into configuration (configuration_id, configuration_title, configuration_key, configuration_value, configuration_description, configuration_group_id, sort_order, last_modified, date_added, use_function, set_function) values ('7', 'Expected Sort Order', 'EXPECTED_PRODUCTS_SORT', 'desc', 'This is the sort order used in the expected products box.', '1', '8', NULL, '2012-08-25 08:48:59', NULL, 'tep_cfg_select_option(array(\'asc\', \'desc\'), ');
insert into configuration (configuration_id, configuration_title, configuration_key, configuration_value, configuration_description, configuration_group_id, sort_order, last_modified, date_added, use_function, set_function) values ('8', 'Expected Sort Field', 'EXPECTED_PRODUCTS_FIELD', 'date_expected', 'The column to sort by in the expected products box.', '1', '9', NULL, '2012-08-25 08:48:59', NULL, 'tep_cfg_select_option(array(\'products_name\', \'date_expected\'), ');
insert into configuration (configuration_id, configuration_title, configuration_key, configuration_value, configuration_description, configuration_group_id, sort_order, last_modified, date_added, use_function, set_function) values ('9', 'Switch To Default Language Currency', 'USE_DEFAULT_LANGUAGE_CURRENCY', 'false', 'Automatically switch to the language\'s currency when it is changed', '1', '10', NULL, '2012-08-25 08:48:59', NULL, 'tep_cfg_select_option(array(\'true\', \'false\'), ');
insert into configuration (configuration_id, configuration_title, configuration_key, configuration_value, configuration_description, configuration_group_id, sort_order, last_modified, date_added, use_function, set_function) values ('10', 'Send Extra Order Emails To', 'SEND_EXTRA_ORDER_EMAILS_TO', '', 'Send extra order emails to the following email addresses, in this format: Name 1 &lt;email@address1&gt;, Name 2 &lt;email@address2&gt;', '1', '11', NULL, '2012-08-25 08:48:59', NULL, NULL);
insert into configuration (configuration_id, configuration_title, configuration_key, configuration_value, configuration_description, configuration_group_id, sort_order, last_modified, date_added, use_function, set_function) values ('11', 'Use Search-Engine Safe URLs', 'SEARCH_ENGINE_FRIENDLY_URLS', 'false', 'Use search-engine safe urls for all site links', '1', '12', NULL, '2012-08-25 08:48:59', NULL, 'tep_cfg_select_option(array(\'true\', \'false\'), ');
insert into configuration (configuration_id, configuration_title, configuration_key, configuration_value, configuration_description, configuration_group_id, sort_order, last_modified, date_added, use_function, set_function) values ('12', 'Display Cart After Adding Product', 'DISPLAY_CART', 'true', 'Display the shopping cart after adding a product (or return back to their origin)', '1', '14', NULL, '2012-08-25 08:48:59', NULL, 'tep_cfg_select_option(array(\'true\', \'false\'), ');
insert into configuration (configuration_id, configuration_title, configuration_key, configuration_value, configuration_description, configuration_group_id, sort_order, last_modified, date_added, use_function, set_function) values ('13', 'Allow Guest To Tell A Friend', 'ALLOW_GUEST_TO_TELL_A_FRIEND', 'false', 'Allow guests to tell a friend about a product', '1', '15', NULL, '2012-08-25 08:48:59', NULL, 'tep_cfg_select_option(array(\'true\', \'false\'), ');
insert into configuration (configuration_id, configuration_title, configuration_key, configuration_value, configuration_description, configuration_group_id, sort_order, last_modified, date_added, use_function, set_function) values ('14', 'Default Search Operator', 'ADVANCED_SEARCH_DEFAULT_OPERATOR', 'and', 'Default search operators', '1', '17', NULL, '2012-08-25 08:48:59', NULL, 'tep_cfg_select_option(array(\'and\', \'or\'), ');
insert into configuration (configuration_id, configuration_title, configuration_key, configuration_value, configuration_description, configuration_group_id, sort_order, last_modified, date_added, use_function, set_function) values ('15', 'Store Address and Phone', 'STORE_NAME_ADDRESS', 'Store Name
Address
Country
Phone', 'This is the Store Name, Address and Phone used on printable documents and displayed online', '1', '18', NULL, '2012-08-25 08:48:59', NULL, 'tep_cfg_textarea(');
insert into configuration (configuration_id, configuration_title, configuration_key, configuration_value, configuration_description, configuration_group_id, sort_order, last_modified, date_added, use_function, set_function) values ('16', 'Show Category Counts', 'SHOW_COUNTS', 'true', 'Count recursively how many products are in each category', '1', '19', NULL, '2012-08-25 08:48:59', NULL, 'tep_cfg_select_option(array(\'true\', \'false\'), ');
insert into configuration (configuration_id, configuration_title, configuration_key, configuration_value, configuration_description, configuration_group_id, sort_order, last_modified, date_added, use_function, set_function) values ('17', 'Tax Decimal Places', 'TAX_DECIMAL_PLACES', '3', 'Pad the tax value this amount of decimal places', '1', '20', '2012-09-29 21:04:26', '2012-08-25 08:48:59', NULL, NULL);
insert into configuration (configuration_id, configuration_title, configuration_key, configuration_value, configuration_description, configuration_group_id, sort_order, last_modified, date_added, use_function, set_function) values ('18', 'Display Prices with Tax', 'DISPLAY_PRICE_WITH_TAX', 'true', 'Display prices with tax included (true) or add the tax at the end (false)', '1', '21', '2012-09-29 21:03:44', '2012-08-25 08:48:59', NULL, 'tep_cfg_select_option(array(\'true\', \'false\'), ');
insert into configuration (configuration_id, configuration_title, configuration_key, configuration_value, configuration_description, configuration_group_id, sort_order, last_modified, date_added, use_function, set_function) values ('19', 'First Name', 'ENTRY_FIRST_NAME_MIN_LENGTH', '2', 'Minimum length of first name', '2', '1', NULL, '2012-08-25 08:48:59', NULL, NULL);
insert into configuration (configuration_id, configuration_title, configuration_key, configuration_value, configuration_description, configuration_group_id, sort_order, last_modified, date_added, use_function, set_function) values ('20', 'Last Name', 'ENTRY_LAST_NAME_MIN_LENGTH', '2', 'Minimum length of last name', '2', '2', NULL, '2012-08-25 08:48:59', NULL, NULL);
insert into configuration (configuration_id, configuration_title, configuration_key, configuration_value, configuration_description, configuration_group_id, sort_order, last_modified, date_added, use_function, set_function) values ('21', 'Date of Birth', 'ENTRY_DOB_MIN_LENGTH', '10', 'Minimum length of date of birth', '2', '3', NULL, '2012-08-25 08:48:59', NULL, NULL);
insert into configuration (configuration_id, configuration_title, configuration_key, configuration_value, configuration_description, configuration_group_id, sort_order, last_modified, date_added, use_function, set_function) values ('22', 'E-Mail Address', 'ENTRY_EMAIL_ADDRESS_MIN_LENGTH', '6', 'Minimum length of e-mail address', '2', '4', NULL, '2012-08-25 08:48:59', NULL, NULL);
insert into configuration (configuration_id, configuration_title, configuration_key, configuration_value, configuration_description, configuration_group_id, sort_order, last_modified, date_added, use_function, set_function) values ('23', 'Street Address', 'ENTRY_STREET_ADDRESS_MIN_LENGTH', '5', 'Minimum length of street address', '2', '5', NULL, '2012-08-25 08:48:59', NULL, NULL);
insert into configuration (configuration_id, configuration_title, configuration_key, configuration_value, configuration_description, configuration_group_id, sort_order, last_modified, date_added, use_function, set_function) values ('24', 'Company', 'ENTRY_COMPANY_MIN_LENGTH', '2', 'Minimum length of company name', '2', '6', NULL, '2012-08-25 08:48:59', NULL, NULL);
insert into configuration (configuration_id, configuration_title, configuration_key, configuration_value, configuration_description, configuration_group_id, sort_order, last_modified, date_added, use_function, set_function) values ('25', 'Post Code', 'ENTRY_POSTCODE_MIN_LENGTH', '4', 'Minimum length of post code', '2', '7', NULL, '2012-08-25 08:48:59', NULL, NULL);
insert into configuration (configuration_id, configuration_title, configuration_key, configuration_value, configuration_description, configuration_group_id, sort_order, last_modified, date_added, use_function, set_function) values ('26', 'City', 'ENTRY_CITY_MIN_LENGTH', '3', 'Minimum length of city', '2', '8', NULL, '2012-08-25 08:48:59', NULL, NULL);
insert into configuration (configuration_id, configuration_title, configuration_key, configuration_value, configuration_description, configuration_group_id, sort_order, last_modified, date_added, use_function, set_function) values ('27', 'State', 'ENTRY_STATE_MIN_LENGTH', '2', 'Minimum length of state', '2', '9', NULL, '2012-08-25 08:48:59', NULL, NULL);
insert into configuration (configuration_id, configuration_title, configuration_key, configuration_value, configuration_description, configuration_group_id, sort_order, last_modified, date_added, use_function, set_function) values ('28', 'Telephone Number', 'ENTRY_TELEPHONE_MIN_LENGTH', '3', 'Minimum length of telephone number', '2', '10', NULL, '2012-08-25 08:48:59', NULL, NULL);
insert into configuration (configuration_id, configuration_title, configuration_key, configuration_value, configuration_description, configuration_group_id, sort_order, last_modified, date_added, use_function, set_function) values ('29', 'Password', 'ENTRY_PASSWORD_MIN_LENGTH', '5', 'Minimum length of password', '2', '11', NULL, '2012-08-25 08:48:59', NULL, NULL);
insert into configuration (configuration_id, configuration_title, configuration_key, configuration_value, configuration_description, configuration_group_id, sort_order, last_modified, date_added, use_function, set_function) values ('30', 'Credit Card Owner Name', 'CC_OWNER_MIN_LENGTH', '3', 'Minimum length of credit card owner name', '2', '12', NULL, '2012-08-25 08:48:59', NULL, NULL);
insert into configuration (configuration_id, configuration_title, configuration_key, configuration_value, configuration_description, configuration_group_id, sort_order, last_modified, date_added, use_function, set_function) values ('31', 'Credit Card Number', 'CC_NUMBER_MIN_LENGTH', '10', 'Minimum length of credit card number', '2', '13', NULL, '2012-08-25 08:48:59', NULL, NULL);
insert into configuration (configuration_id, configuration_title, configuration_key, configuration_value, configuration_description, configuration_group_id, sort_order, last_modified, date_added, use_function, set_function) values ('32', 'Review Text', 'REVIEW_TEXT_MIN_LENGTH', '50', 'Minimum length of review text', '2', '14', NULL, '2012-08-25 08:48:59', NULL, NULL);
insert into configuration (configuration_id, configuration_title, configuration_key, configuration_value, configuration_description, configuration_group_id, sort_order, last_modified, date_added, use_function, set_function) values ('33', 'Best Sellers', 'MIN_DISPLAY_BESTSELLERS', '1', 'Minimum number of best sellers to display', '2', '15', NULL, '2012-08-25 08:48:59', NULL, NULL);
insert into configuration (configuration_id, configuration_title, configuration_key, configuration_value, configuration_description, configuration_group_id, sort_order, last_modified, date_added, use_function, set_function) values ('34', 'Also Purchased', 'MIN_DISPLAY_ALSO_PURCHASED', '1', 'Minimum number of products to display in the \'This Customer Also Purchased\' box', '2', '16', NULL, '2012-08-25 08:48:59', NULL, NULL);
insert into configuration (configuration_id, configuration_title, configuration_key, configuration_value, configuration_description, configuration_group_id, sort_order, last_modified, date_added, use_function, set_function) values ('35', 'Address Book Entries', 'MAX_ADDRESS_BOOK_ENTRIES', '5', 'Maximum address book entries a customer is allowed to have', '3', '1', NULL, '2012-08-25 08:48:59', NULL, NULL);
insert into configuration (configuration_id, configuration_title, configuration_key, configuration_value, configuration_description, configuration_group_id, sort_order, last_modified, date_added, use_function, set_function) values ('36', 'Search Results', 'MAX_DISPLAY_SEARCH_RESULTS', '20', 'Amount of products to list', '3', '2', NULL, '2012-08-25 08:48:59', NULL, NULL);
insert into configuration (configuration_id, configuration_title, configuration_key, configuration_value, configuration_description, configuration_group_id, sort_order, last_modified, date_added, use_function, set_function) values ('37', 'Page Links', 'MAX_DISPLAY_PAGE_LINKS', '5', 'Number of \'number\' links use for page-sets', '3', '3', NULL, '2012-08-25 08:48:59', NULL, NULL);
insert into configuration (configuration_id, configuration_title, configuration_key, configuration_value, configuration_description, configuration_group_id, sort_order, last_modified, date_added, use_function, set_function) values ('38', 'Special Products', 'MAX_DISPLAY_SPECIAL_PRODUCTS', '6', 'Maximum number of products on special to display', '3', '4', '2012-09-24 06:56:58', '2012-08-25 08:48:59', NULL, NULL);
insert into configuration (configuration_id, configuration_title, configuration_key, configuration_value, configuration_description, configuration_group_id, sort_order, last_modified, date_added, use_function, set_function) values ('39', 'New Products Module', 'MAX_DISPLAY_NEW_PRODUCTS', '6', 'Maximum number of new products to display in a category', '3', '5', '2012-10-09 10:27:14', '2012-08-25 08:48:59', NULL, NULL);
insert into configuration (configuration_id, configuration_title, configuration_key, configuration_value, configuration_description, configuration_group_id, sort_order, last_modified, date_added, use_function, set_function) values ('40', 'Products Expected', 'MAX_DISPLAY_UPCOMING_PRODUCTS', '10', 'Maximum number of products expected to display', '3', '6', NULL, '2012-08-25 08:48:59', NULL, NULL);
insert into configuration (configuration_id, configuration_title, configuration_key, configuration_value, configuration_description, configuration_group_id, sort_order, last_modified, date_added, use_function, set_function) values ('41', 'Manufacturers List', 'MAX_DISPLAY_MANUFACTURERS_IN_A_LIST', '5', 'Used in manufacturers box; when the number of manufacturers exceeds this number, a drop-down list will be displayed instead of the default list', '3', '7', '2012-10-11 19:11:44', '2012-08-25 08:48:59', NULL, NULL);
insert into configuration (configuration_id, configuration_title, configuration_key, configuration_value, configuration_description, configuration_group_id, sort_order, last_modified, date_added, use_function, set_function) values ('42', 'Manufacturers Select Size', 'MAX_MANUFACTURERS_LIST', '5', 'Used in manufacturers box; when this value is \'1\' the classic drop-down list will be used for the manufacturers box. Otherwise, a list-box with the specified number of rows will be displayed.', '3', '7', '2012-10-11 19:12:15', '2012-08-25 08:48:59', NULL, NULL);
insert into configuration (configuration_id, configuration_title, configuration_key, configuration_value, configuration_description, configuration_group_id, sort_order, last_modified, date_added, use_function, set_function) values ('43', 'Length of Manufacturers Name', 'MAX_DISPLAY_MANUFACTURER_NAME_LEN', '25', 'Used in manufacturers box; maximum length of manufacturers name to display', '3', '8', '2012-09-24 06:57:45', '2012-08-25 08:48:59', NULL, NULL);
insert into configuration (configuration_id, configuration_title, configuration_key, configuration_value, configuration_description, configuration_group_id, sort_order, last_modified, date_added, use_function, set_function) values ('44', 'New Reviews', 'MAX_DISPLAY_NEW_REVIEWS', '3', 'Maximum number of new reviews to display', '3', '9', '2012-09-24 06:57:56', '2012-08-25 08:48:59', NULL, NULL);
insert into configuration (configuration_id, configuration_title, configuration_key, configuration_value, configuration_description, configuration_group_id, sort_order, last_modified, date_added, use_function, set_function) values ('45', 'Selection of Random Reviews', 'MAX_RANDOM_SELECT_REVIEWS', '10', 'How many records to select from to choose one random product review', '3', '10', NULL, '2012-08-25 08:48:59', NULL, NULL);
insert into configuration (configuration_id, configuration_title, configuration_key, configuration_value, configuration_description, configuration_group_id, sort_order, last_modified, date_added, use_function, set_function) values ('46', 'Selection of Random New Products', 'MAX_RANDOM_SELECT_NEW', '10', 'How many records to select from to choose one random new product to display', '3', '11', NULL, '2012-08-25 08:48:59', NULL, NULL);
insert into configuration (configuration_id, configuration_title, configuration_key, configuration_value, configuration_description, configuration_group_id, sort_order, last_modified, date_added, use_function, set_function) values ('47', 'Selection of Products on Special', 'MAX_RANDOM_SELECT_SPECIALS', '10', 'How many records to select from to choose one random product special to display', '3', '12', NULL, '2012-08-25 08:48:59', NULL, NULL);
insert into configuration (configuration_id, configuration_title, configuration_key, configuration_value, configuration_description, configuration_group_id, sort_order, last_modified, date_added, use_function, set_function) values ('48', 'Categories To List Per Row', 'MAX_DISPLAY_CATEGORIES_PER_ROW', '3', 'How many categories to list per row', '3', '13', '2012-10-09 10:23:57', '2012-08-25 08:48:59', NULL, NULL);
insert into configuration (configuration_id, configuration_title, configuration_key, configuration_value, configuration_description, configuration_group_id, sort_order, last_modified, date_added, use_function, set_function) values ('49', 'New Products Listing', 'MAX_DISPLAY_PRODUCTS_NEW', '6', 'Maximum number of new products to display in new products page', '3', '14', '2012-10-09 10:22:06', '2012-08-25 08:48:59', NULL, NULL);
insert into configuration (configuration_id, configuration_title, configuration_key, configuration_value, configuration_description, configuration_group_id, sort_order, last_modified, date_added, use_function, set_function) values ('50', 'Best Sellers', 'MAX_DISPLAY_BESTSELLERS', '10', 'Maximum number of best sellers to display', '3', '15', NULL, '2012-08-25 08:48:59', NULL, NULL);
insert into configuration (configuration_id, configuration_title, configuration_key, configuration_value, configuration_description, configuration_group_id, sort_order, last_modified, date_added, use_function, set_function) values ('51', 'Also Purchased', 'MAX_DISPLAY_ALSO_PURCHASED', '6', 'Maximum number of products to display in the \'This Customer Also Purchased\' box', '3', '16', NULL, '2012-08-25 08:48:59', NULL, NULL);
insert into configuration (configuration_id, configuration_title, configuration_key, configuration_value, configuration_description, configuration_group_id, sort_order, last_modified, date_added, use_function, set_function) values ('52', 'Customer Order History Box', 'MAX_DISPLAY_PRODUCTS_IN_ORDER_HISTORY_BOX', '6', 'Maximum number of products to display in the customer order history box', '3', '17', NULL, '2012-08-25 08:48:59', NULL, NULL);
insert into configuration (configuration_id, configuration_title, configuration_key, configuration_value, configuration_description, configuration_group_id, sort_order, last_modified, date_added, use_function, set_function) values ('53', 'Order History', 'MAX_DISPLAY_ORDER_HISTORY', '10', 'Maximum number of orders to display in the order history page', '3', '18', NULL, '2012-08-25 08:48:59', NULL, NULL);
insert into configuration (configuration_id, configuration_title, configuration_key, configuration_value, configuration_description, configuration_group_id, sort_order, last_modified, date_added, use_function, set_function) values ('54', 'Product Quantities In Shopping Cart', 'MAX_QTY_IN_CART', '0', 'Maximum number of product quantities that can be added to the shopping cart (0 for no limit)', '3', '19', '2012-09-24 06:58:28', '2012-08-25 08:48:59', NULL, NULL);
insert into configuration (configuration_id, configuration_title, configuration_key, configuration_value, configuration_description, configuration_group_id, sort_order, last_modified, date_added, use_function, set_function) values ('55', 'Small Image Width', 'SMALL_IMAGE_WIDTH', '130', 'The pixel width of small images', '4', '1', '2012-09-24 06:55:47', '2012-08-25 08:48:59', NULL, NULL);
insert into configuration (configuration_id, configuration_title, configuration_key, configuration_value, configuration_description, configuration_group_id, sort_order, last_modified, date_added, use_function, set_function) values ('56', 'Small Image Height', 'SMALL_IMAGE_HEIGHT', '160', 'The pixel height of small images', '4', '2', '2012-09-24 06:55:53', '2012-08-25 08:48:59', NULL, NULL);
insert into configuration (configuration_id, configuration_title, configuration_key, configuration_value, configuration_description, configuration_group_id, sort_order, last_modified, date_added, use_function, set_function) values ('57', 'Heading Image Width', 'HEADING_IMAGE_WIDTH', '57', 'The pixel width of heading images', '4', '3', NULL, '2012-08-25 08:48:59', NULL, NULL);
insert into configuration (configuration_id, configuration_title, configuration_key, configuration_value, configuration_description, configuration_group_id, sort_order, last_modified, date_added, use_function, set_function) values ('58', 'Heading Image Height', 'HEADING_IMAGE_HEIGHT', '40', 'The pixel height of heading images', '4', '4', NULL, '2012-08-25 08:48:59', NULL, NULL);
insert into configuration (configuration_id, configuration_title, configuration_key, configuration_value, configuration_description, configuration_group_id, sort_order, last_modified, date_added, use_function, set_function) values ('59', 'Subcategory Image Width', 'SUBCATEGORY_IMAGE_WIDTH', '100', 'The pixel width of subcategory images', '4', '5', NULL, '2012-08-25 08:48:59', NULL, NULL);
insert into configuration (configuration_id, configuration_title, configuration_key, configuration_value, configuration_description, configuration_group_id, sort_order, last_modified, date_added, use_function, set_function) values ('60', 'Subcategory Image Height', 'SUBCATEGORY_IMAGE_HEIGHT', '100', 'The pixel height of subcategory images', '4', '6', '2012-09-24 06:56:01', '2012-08-25 08:48:59', NULL, NULL);
insert into configuration (configuration_id, configuration_title, configuration_key, configuration_value, configuration_description, configuration_group_id, sort_order, last_modified, date_added, use_function, set_function) values ('61', 'Calculate Image Size', 'CONFIG_CALCULATE_IMAGE_SIZE', 'true', 'Calculate the size of images?', '4', '7', NULL, '2012-08-25 08:48:59', NULL, 'tep_cfg_select_option(array(\'true\', \'false\'), ');
insert into configuration (configuration_id, configuration_title, configuration_key, configuration_value, configuration_description, configuration_group_id, sort_order, last_modified, date_added, use_function, set_function) values ('62', 'Image Required', 'IMAGE_REQUIRED', 'true', 'Enable to display broken images. Good for development.', '4', '8', NULL, '2012-08-25 08:48:59', NULL, 'tep_cfg_select_option(array(\'true\', \'false\'), ');
insert into configuration (configuration_id, configuration_title, configuration_key, configuration_value, configuration_description, configuration_group_id, sort_order, last_modified, date_added, use_function, set_function) values ('63', 'Gender', 'ACCOUNT_GENDER', 'true', 'Display gender in the customers account', '5', '1', NULL, '2012-08-25 08:48:59', NULL, 'tep_cfg_select_option(array(\'true\', \'false\'), ');
insert into configuration (configuration_id, configuration_title, configuration_key, configuration_value, configuration_description, configuration_group_id, sort_order, last_modified, date_added, use_function, set_function) values ('64', 'Date of Birth', 'ACCOUNT_DOB', 'true', 'Display date of birth in the customers account', '5', '2', NULL, '2012-08-25 08:48:59', NULL, 'tep_cfg_select_option(array(\'true\', \'false\'), ');
insert into configuration (configuration_id, configuration_title, configuration_key, configuration_value, configuration_description, configuration_group_id, sort_order, last_modified, date_added, use_function, set_function) values ('65', 'Company', 'ACCOUNT_COMPANY', 'true', 'Display company in the customers account', '5', '3', NULL, '2012-08-25 08:48:59', NULL, 'tep_cfg_select_option(array(\'true\', \'false\'), ');
insert into configuration (configuration_id, configuration_title, configuration_key, configuration_value, configuration_description, configuration_group_id, sort_order, last_modified, date_added, use_function, set_function) values ('66', 'Suburb', 'ACCOUNT_SUBURB', 'true', 'Display suburb in the customers account', '5', '4', NULL, '2012-08-25 08:48:59', NULL, 'tep_cfg_select_option(array(\'true\', \'false\'), ');
insert into configuration (configuration_id, configuration_title, configuration_key, configuration_value, configuration_description, configuration_group_id, sort_order, last_modified, date_added, use_function, set_function) values ('67', 'State', 'ACCOUNT_STATE', 'true', 'Display state in the customers account', '5', '5', NULL, '2012-08-25 08:48:59', NULL, 'tep_cfg_select_option(array(\'true\', \'false\'), ');
insert into configuration (configuration_id, configuration_title, configuration_key, configuration_value, configuration_description, configuration_group_id, sort_order, last_modified, date_added, use_function, set_function) values ('68', 'Installed Modules', 'MODULE_PAYMENT_INSTALLED', 'authorizenet_cc_aim.php;authorizenet_cc_sim.php;chronopay.php;cod.php;inpay.php;ipayment_cc.php;ipayment_elv.php;ipayment_pp.php;moneyorder.php;nochex.php;paypal_express.php;paypal_pro_dp.php;paypal_pro_payflow_dp.php;paypal_pro_payflow_ec.php;paypal_standard.php;paypoint_secpay.php;pm2checkout.php;psigate.php;rbsworldpay_hosted.php;sage_pay_direct.php;sage_pay_form.php;sage_pay_server.php;sofortueberweisung_direct.php', 'List of payment module filenames separated by a semi-colon. This is automatically updated. No need to edit. (Example: cod.php;paypal_express.php)', '6', '0', '2012-10-13 09:11:41', '2012-08-25 08:48:59', NULL, NULL);
insert into configuration (configuration_id, configuration_title, configuration_key, configuration_value, configuration_description, configuration_group_id, sort_order, last_modified, date_added, use_function, set_function) values ('69', 'Installed Modules', 'MODULE_ORDER_TOTAL_INSTALLED', 'ot_subtotal.php;ot_shipping.php;ot_tax.php;ot_total.php', 'List of order_total module filenames separated by a semi-colon. This is automatically updated. No need to edit. (Example: ot_subtotal.php;ot_tax.php;ot_shipping.php;ot_total.php)', '6', '0', '2012-10-13 07:15:19', '2012-08-25 08:48:59', NULL, NULL);
insert into configuration (configuration_id, configuration_title, configuration_key, configuration_value, configuration_description, configuration_group_id, sort_order, last_modified, date_added, use_function, set_function) values ('70', 'Installed Modules', 'MODULE_SHIPPING_INSTALLED', 'flat.php;item.php;table.php;zones.php', 'List of shipping module filenames separated by a semi-colon. This is automatically updated. No need to edit. (Example: ups.php;flat.php;item.php)', '6', '0', '2012-09-24 07:01:48', '2012-08-25 08:48:59', NULL, NULL);
insert into configuration (configuration_id, configuration_title, configuration_key, configuration_value, configuration_description, configuration_group_id, sort_order, last_modified, date_added, use_function, set_function) values ('71', 'Installed Modules', 'MODULE_ACTION_RECORDER_INSTALLED', 'ar_admin_login.php;ar_contact_us.php;ar_reset_password.php;ar_tell_a_friend.php', 'List of action recorder module filenames separated by a semi-colon. This is automatically updated. No need to edit.', '6', '0', NULL, '2012-08-25 08:48:59', NULL, NULL);
insert into configuration (configuration_id, configuration_title, configuration_key, configuration_value, configuration_description, configuration_group_id, sort_order, last_modified, date_added, use_function, set_function) values ('72', 'Installed Modules', 'MODULE_SOCIAL_BOOKMARKS_INSTALLED', 'sb_email.php;sb_google_plus_share.php;sb_facebook.php;sb_twitter.php;sb_pinterest.php;sb_digg.php', 'List of social bookmark module filenames separated by a semi-colon. This is automatically updated. No need to edit.', '6', '0', '2012-09-24 07:00:33', '2012-08-25 08:48:59', NULL, NULL);
insert into configuration (configuration_id, configuration_title, configuration_key, configuration_value, configuration_description, configuration_group_id, sort_order, last_modified, date_added, use_function, set_function) values ('73', 'Enable Cash On Delivery Module', 'MODULE_PAYMENT_COD_STATUS', 'True', 'Do you want to accept Cash On Delevery payments?', '6', '1', NULL, '2012-08-25 08:48:59', NULL, 'tep_cfg_select_option(array(\'True\', \'False\'), ');
insert into configuration (configuration_id, configuration_title, configuration_key, configuration_value, configuration_description, configuration_group_id, sort_order, last_modified, date_added, use_function, set_function) values ('74', 'Payment Zone', 'MODULE_PAYMENT_COD_ZONE', '0', 'If a zone is selected, only enable this payment method for that zone.', '6', '2', NULL, '2012-08-25 08:48:59', 'tep_get_zone_class_title', 'tep_cfg_pull_down_zone_classes(');
insert into configuration (configuration_id, configuration_title, configuration_key, configuration_value, configuration_description, configuration_group_id, sort_order, last_modified, date_added, use_function, set_function) values ('75', 'Sort order of display.', 'MODULE_PAYMENT_COD_SORT_ORDER', '0', 'Sort order of display. Lowest is displayed first.', '6', '0', NULL, '2012-08-25 08:48:59', NULL, NULL);
insert into configuration (configuration_id, configuration_title, configuration_key, configuration_value, configuration_description, configuration_group_id, sort_order, last_modified, date_added, use_function, set_function) values ('76', 'Set Order Status', 'MODULE_PAYMENT_COD_ORDER_STATUS_ID', '0', 'Set the status of orders made with this payment module to this value', '6', '0', NULL, '2012-08-25 08:48:59', 'tep_get_order_status_name', 'tep_cfg_pull_down_order_statuses(');
insert into configuration (configuration_id, configuration_title, configuration_key, configuration_value, configuration_description, configuration_group_id, sort_order, last_modified, date_added, use_function, set_function) values ('77', 'Enable Flat Shipping', 'MODULE_SHIPPING_FLAT_STATUS', 'True', 'Do you want to offer flat rate shipping?', '6', '0', NULL, '2012-08-25 08:48:59', NULL, 'tep_cfg_select_option(array(\'True\', \'False\'), ');
insert into configuration (configuration_id, configuration_title, configuration_key, configuration_value, configuration_description, configuration_group_id, sort_order, last_modified, date_added, use_function, set_function) values ('78', 'Shipping Cost', 'MODULE_SHIPPING_FLAT_COST', '5.00', 'The shipping cost for all orders using this shipping method.', '6', '0', NULL, '2012-08-25 08:48:59', NULL, NULL);
insert into configuration (configuration_id, configuration_title, configuration_key, configuration_value, configuration_description, configuration_group_id, sort_order, last_modified, date_added, use_function, set_function) values ('79', 'Tax Class', 'MODULE_SHIPPING_FLAT_TAX_CLASS', '0', 'Use the following tax class on the shipping fee.', '6', '0', NULL, '2012-08-25 08:48:59', 'tep_get_tax_class_title', 'tep_cfg_pull_down_tax_classes(');
insert into configuration (configuration_id, configuration_title, configuration_key, configuration_value, configuration_description, configuration_group_id, sort_order, last_modified, date_added, use_function, set_function) values ('80', 'Shipping Zone', 'MODULE_SHIPPING_FLAT_ZONE', '0', 'If a zone is selected, only enable this shipping method for that zone.', '6', '0', NULL, '2012-08-25 08:48:59', 'tep_get_zone_class_title', 'tep_cfg_pull_down_zone_classes(');
insert into configuration (configuration_id, configuration_title, configuration_key, configuration_value, configuration_description, configuration_group_id, sort_order, last_modified, date_added, use_function, set_function) values ('81', 'Sort Order', 'MODULE_SHIPPING_FLAT_SORT_ORDER', '0', 'Sort order of display.', '6', '0', NULL, '2012-08-25 08:48:59', NULL, NULL);
insert into configuration (configuration_id, configuration_title, configuration_key, configuration_value, configuration_description, configuration_group_id, sort_order, last_modified, date_added, use_function, set_function) values ('82', 'Default Currency', 'DEFAULT_CURRENCY', 'USD', 'Default Currency', '6', '0', NULL, '2012-08-25 08:48:59', NULL, NULL);
insert into configuration (configuration_id, configuration_title, configuration_key, configuration_value, configuration_description, configuration_group_id, sort_order, last_modified, date_added, use_function, set_function) values ('83', 'Default Language', 'DEFAULT_LANGUAGE', 'en', 'Default Language', '6', '0', NULL, '2012-08-25 08:48:59', NULL, NULL);
insert into configuration (configuration_id, configuration_title, configuration_key, configuration_value, configuration_description, configuration_group_id, sort_order, last_modified, date_added, use_function, set_function) values ('84', 'Default Order Status For New Orders', 'DEFAULT_ORDERS_STATUS_ID', '1', 'When a new order is created, this order status will be assigned to it.', '6', '0', NULL, '2012-08-25 08:48:59', NULL, NULL);
insert into configuration (configuration_id, configuration_title, configuration_key, configuration_value, configuration_description, configuration_group_id, sort_order, last_modified, date_added, use_function, set_function) values ('85', 'Display Shipping', 'MODULE_ORDER_TOTAL_SHIPPING_STATUS', 'true', 'Do you want to display the order shipping cost?', '6', '1', NULL, '2012-08-25 08:48:59', NULL, 'tep_cfg_select_option(array(\'true\', \'false\'), ');
insert into configuration (configuration_id, configuration_title, configuration_key, configuration_value, configuration_description, configuration_group_id, sort_order, last_modified, date_added, use_function, set_function) values ('86', 'Sort Order', 'MODULE_ORDER_TOTAL_SHIPPING_SORT_ORDER', '2', 'Sort order of display.', '6', '2', NULL, '2012-08-25 08:48:59', NULL, NULL);
insert into configuration (configuration_id, configuration_title, configuration_key, configuration_value, configuration_description, configuration_group_id, sort_order, last_modified, date_added, use_function, set_function) values ('87', 'Allow Free Shipping', 'MODULE_ORDER_TOTAL_SHIPPING_FREE_SHIPPING', 'true', 'Do you want to allow free shipping?', '6', '3', NULL, '2012-08-25 08:48:59', NULL, 'tep_cfg_select_option(array(\'true\', \'false\'), ');
insert into configuration (configuration_id, configuration_title, configuration_key, configuration_value, configuration_description, configuration_group_id, sort_order, last_modified, date_added, use_function, set_function) values ('88', 'Free Shipping For Orders Over', 'MODULE_ORDER_TOTAL_SHIPPING_FREE_SHIPPING_OVER', '550', 'Provide free shipping for orders over the set amount.', '6', '4', NULL, '2012-08-25 08:48:59', 'currencies->format', NULL);
insert into configuration (configuration_id, configuration_title, configuration_key, configuration_value, configuration_description, configuration_group_id, sort_order, last_modified, date_added, use_function, set_function) values ('89', 'Provide Free Shipping For Orders Made', 'MODULE_ORDER_TOTAL_SHIPPING_DESTINATION', 'both', 'Provide free shipping for orders sent to the set destination.', '6', '5', NULL, '2012-08-25 08:48:59', NULL, 'tep_cfg_select_option(array(\'national\', \'international\', \'both\'), ');
insert into configuration (configuration_id, configuration_title, configuration_key, configuration_value, configuration_description, configuration_group_id, sort_order, last_modified, date_added, use_function, set_function) values ('90', 'Display Sub-Total', 'MODULE_ORDER_TOTAL_SUBTOTAL_STATUS', 'true', 'Do you want to display the order sub-total cost?', '6', '1', NULL, '2012-08-25 08:48:59', NULL, 'tep_cfg_select_option(array(\'true\', \'false\'), ');
insert into configuration (configuration_id, configuration_title, configuration_key, configuration_value, configuration_description, configuration_group_id, sort_order, last_modified, date_added, use_function, set_function) values ('91', 'Sort Order', 'MODULE_ORDER_TOTAL_SUBTOTAL_SORT_ORDER', '1', 'Sort order of display.', '6', '2', NULL, '2012-08-25 08:48:59', NULL, NULL);
insert into configuration (configuration_id, configuration_title, configuration_key, configuration_value, configuration_description, configuration_group_id, sort_order, last_modified, date_added, use_function, set_function) values ('92', 'Display Tax', 'MODULE_ORDER_TOTAL_TAX_STATUS', 'true', 'Do you want to display the order tax value?', '6', '1', NULL, '2012-08-25 08:48:59', NULL, 'tep_cfg_select_option(array(\'true\', \'false\'), ');
insert into configuration (configuration_id, configuration_title, configuration_key, configuration_value, configuration_description, configuration_group_id, sort_order, last_modified, date_added, use_function, set_function) values ('93', 'Sort Order', 'MODULE_ORDER_TOTAL_TAX_SORT_ORDER', '3', 'Sort order of display.', '6', '2', NULL, '2012-08-25 08:48:59', NULL, NULL);
insert into configuration (configuration_id, configuration_title, configuration_key, configuration_value, configuration_description, configuration_group_id, sort_order, last_modified, date_added, use_function, set_function) values ('94', 'Display Total', 'MODULE_ORDER_TOTAL_TOTAL_STATUS', 'true', 'Do you want to display the total order value?', '6', '1', NULL, '2012-08-25 08:48:59', NULL, 'tep_cfg_select_option(array(\'true\', \'false\'), ');
insert into configuration (configuration_id, configuration_title, configuration_key, configuration_value, configuration_description, configuration_group_id, sort_order, last_modified, date_added, use_function, set_function) values ('95', 'Sort Order', 'MODULE_ORDER_TOTAL_TOTAL_SORT_ORDER', '4', 'Sort order of display.', '6', '2', NULL, '2012-08-25 08:48:59', NULL, NULL);
insert into configuration (configuration_id, configuration_title, configuration_key, configuration_value, configuration_description, configuration_group_id, sort_order, last_modified, date_added, use_function, set_function) values ('96', 'Minimum Minutes Per E-Mail', 'MODULE_ACTION_RECORDER_CONTACT_US_EMAIL_MINUTES', '2', 'Minimum number of minutes to allow 1 e-mail to be sent (eg, 15 for 1 e-mail every 15 minutes)', '6', '0', NULL, '2012-08-25 08:48:59', NULL, NULL);
insert into configuration (configuration_id, configuration_title, configuration_key, configuration_value, configuration_description, configuration_group_id, sort_order, last_modified, date_added, use_function, set_function) values ('97', 'Minimum Minutes Per E-Mail', 'MODULE_ACTION_RECORDER_TELL_A_FRIEND_EMAIL_MINUTES', '1', 'Minimum number of minutes to allow 1 e-mail to be sent (eg, 15 for 1 e-mail every 15 minutes)', '6', '0', NULL, '2012-08-25 08:48:59', NULL, NULL);
insert into configuration (configuration_id, configuration_title, configuration_key, configuration_value, configuration_description, configuration_group_id, sort_order, last_modified, date_added, use_function, set_function) values ('98', 'Allowed Minutes', 'MODULE_ACTION_RECORDER_ADMIN_LOGIN_MINUTES', '5', 'Number of minutes to allow login attempts to occur.', '6', '0', NULL, '2012-08-25 08:48:59', NULL, NULL);
insert into configuration (configuration_id, configuration_title, configuration_key, configuration_value, configuration_description, configuration_group_id, sort_order, last_modified, date_added, use_function, set_function) values ('99', 'Allowed Attempts', 'MODULE_ACTION_RECORDER_ADMIN_LOGIN_ATTEMPTS', '3', 'Number of login attempts to allow within the specified period.', '6', '0', NULL, '2012-08-25 08:48:59', NULL, NULL);
insert into configuration (configuration_id, configuration_title, configuration_key, configuration_value, configuration_description, configuration_group_id, sort_order, last_modified, date_added, use_function, set_function) values ('100', 'Allowed Minutes', 'MODULE_ACTION_RECORDER_RESET_PASSWORD_MINUTES', '1', 'Number of minutes to allow password resets to occur.', '6', '0', NULL, '2012-08-25 08:48:59', NULL, NULL);
insert into configuration (configuration_id, configuration_title, configuration_key, configuration_value, configuration_description, configuration_group_id, sort_order, last_modified, date_added, use_function, set_function) values ('101', 'Allowed Attempts', 'MODULE_ACTION_RECORDER_RESET_PASSWORD_ATTEMPTS', '1', 'Number of password reset attempts to allow within the specified period.', '6', '0', NULL, '2012-08-25 08:48:59', NULL, NULL);
insert into configuration (configuration_id, configuration_title, configuration_key, configuration_value, configuration_description, configuration_group_id, sort_order, last_modified, date_added, use_function, set_function) values ('102', 'Enable E-Mail Module', 'MODULE_SOCIAL_BOOKMARKS_EMAIL_STATUS', 'True', 'Do you want to allow products to be shared through e-mail?', '6', '1', NULL, '2012-08-25 08:48:59', NULL, 'tep_cfg_select_option(array(\'True\', \'False\'), ');
insert into configuration (configuration_id, configuration_title, configuration_key, configuration_value, configuration_description, configuration_group_id, sort_order, last_modified, date_added, use_function, set_function) values ('103', 'Sort Order', 'MODULE_SOCIAL_BOOKMARKS_EMAIL_SORT_ORDER', '10', 'Sort order of display. Lowest is displayed first.', '6', '0', NULL, '2012-08-25 08:48:59', NULL, NULL);
insert into configuration (configuration_id, configuration_title, configuration_key, configuration_value, configuration_description, configuration_group_id, sort_order, last_modified, date_added, use_function, set_function) values ('104', 'Enable Google+ Share Module', 'MODULE_SOCIAL_BOOKMARKS_GOOGLE_PLUS_SHARE_STATUS', 'True', 'Do you want to allow products to be shared through Google+?', '6', '1', NULL, '2012-08-25 08:48:59', NULL, 'tep_cfg_select_option(array(\'True\', \'False\'), ');
insert into configuration (configuration_id, configuration_title, configuration_key, configuration_value, configuration_description, configuration_group_id, sort_order, last_modified, date_added, use_function, set_function) values ('105', 'Annotation', 'MODULE_SOCIAL_BOOKMARKS_GOOGLE_PLUS_SHARE_ANNOTATION', 'Bubble', 'The annotation to display next to the button.', '6', '1', NULL, '2012-08-25 08:48:59', NULL, 'tep_cfg_select_option(array(\'Inline\', \'Bubble\', \'Vertical-Bubble\', \'None\'), ');
insert into configuration (configuration_id, configuration_title, configuration_key, configuration_value, configuration_description, configuration_group_id, sort_order, last_modified, date_added, use_function, set_function) values ('106', 'Width', 'MODULE_SOCIAL_BOOKMARKS_GOOGLE_PLUS_SHARE_WIDTH', '', 'The maximum width of the button.', '6', '0', NULL, '2012-08-25 08:48:59', NULL, NULL);
insert into configuration (configuration_id, configuration_title, configuration_key, configuration_value, configuration_description, configuration_group_id, sort_order, last_modified, date_added, use_function, set_function) values ('107', 'Height', 'MODULE_SOCIAL_BOOKMARKS_GOOGLE_PLUS_SHARE_HEIGHT', '15', 'Sets the height of the button.', '6', '1', NULL, '2012-08-25 08:48:59', NULL, 'tep_cfg_select_option(array(\'15\', \'20\', \'24\', \'60\'), ');
insert into configuration (configuration_id, configuration_title, configuration_key, configuration_value, configuration_description, configuration_group_id, sort_order, last_modified, date_added, use_function, set_function) values ('108', 'Alignment', 'MODULE_SOCIAL_BOOKMARKS_GOOGLE_PLUS_SHARE_ALIGN', 'Left', 'The alignment of the button assets.', '6', '1', NULL, '2012-08-25 08:48:59', NULL, 'tep_cfg_select_option(array(\'Left\', \'Right\'), ');
insert into configuration (configuration_id, configuration_title, configuration_key, configuration_value, configuration_description, configuration_group_id, sort_order, last_modified, date_added, use_function, set_function) values ('109', 'Sort Order', 'MODULE_SOCIAL_BOOKMARKS_GOOGLE_PLUS_SHARE_SORT_ORDER', '20', 'Sort order of display. Lowest is displayed first.', '6', '0', NULL, '2012-08-25 08:48:59', NULL, NULL);
insert into configuration (configuration_id, configuration_title, configuration_key, configuration_value, configuration_description, configuration_group_id, sort_order, last_modified, date_added, use_function, set_function) values ('110', 'Enable Facebook Module', 'MODULE_SOCIAL_BOOKMARKS_FACEBOOK_STATUS', 'True', 'Do you want to allow products to be shared through Facebook?', '6', '1', NULL, '2012-08-25 08:48:59', NULL, 'tep_cfg_select_option(array(\'True\', \'False\'), ');
insert into configuration (configuration_id, configuration_title, configuration_key, configuration_value, configuration_description, configuration_group_id, sort_order, last_modified, date_added, use_function, set_function) values ('111', 'Sort Order', 'MODULE_SOCIAL_BOOKMARKS_FACEBOOK_SORT_ORDER', '30', 'Sort order of display. Lowest is displayed first.', '6', '0', NULL, '2012-08-25 08:48:59', NULL, NULL);
insert into configuration (configuration_id, configuration_title, configuration_key, configuration_value, configuration_description, configuration_group_id, sort_order, last_modified, date_added, use_function, set_function) values ('112', 'Enable Twitter Module', 'MODULE_SOCIAL_BOOKMARKS_TWITTER_STATUS', 'True', 'Do you want to allow products to be shared through Twitter?', '6', '1', NULL, '2012-08-25 08:48:59', NULL, 'tep_cfg_select_option(array(\'True\', \'False\'), ');
insert into configuration (configuration_id, configuration_title, configuration_key, configuration_value, configuration_description, configuration_group_id, sort_order, last_modified, date_added, use_function, set_function) values ('113', 'Sort Order', 'MODULE_SOCIAL_BOOKMARKS_TWITTER_SORT_ORDER', '40', 'Sort order of display. Lowest is displayed first.', '6', '0', NULL, '2012-08-25 08:48:59', NULL, NULL);
insert into configuration (configuration_id, configuration_title, configuration_key, configuration_value, configuration_description, configuration_group_id, sort_order, last_modified, date_added, use_function, set_function) values ('114', 'Enable Pinterest Module', 'MODULE_SOCIAL_BOOKMARKS_PINTEREST_STATUS', 'True', 'Do you want to allow Pinterest Button?', '6', '1', NULL, '2012-08-25 08:48:59', NULL, 'tep_cfg_select_option(array(\'True\', \'False\'), ');
insert into configuration (configuration_id, configuration_title, configuration_key, configuration_value, configuration_description, configuration_group_id, sort_order, last_modified, date_added, use_function, set_function) values ('115', 'Layout Position', 'MODULE_SOCIAL_BOOKMARKS_PINTEREST_BUTTON_COUNT_POSITION', 'None', 'Horizontal or Vertical or None', '6', '2', NULL, '2012-08-25 08:48:59', NULL, 'tep_cfg_select_option(array(\'Horizontal\', \'Vertical\', \'None\'), ');
insert into configuration (configuration_id, configuration_title, configuration_key, configuration_value, configuration_description, configuration_group_id, sort_order, last_modified, date_added, use_function, set_function) values ('116', 'Sort Order', 'MODULE_SOCIAL_BOOKMARKS_PINTEREST_SORT_ORDER', '50', 'Sort order of display. Lowest is displayed first.', '6', '0', NULL, '2012-08-25 08:48:59', NULL, NULL);
insert into configuration (configuration_id, configuration_title, configuration_key, configuration_value, configuration_description, configuration_group_id, sort_order, last_modified, date_added, use_function, set_function) values ('117', 'Country of Origin', 'SHIPPING_ORIGIN_COUNTRY', '223', 'Select the country of origin to be used in shipping quotes.', '7', '1', NULL, '2012-08-25 08:48:59', 'tep_get_country_name', 'tep_cfg_pull_down_country_list(');
insert into configuration (configuration_id, configuration_title, configuration_key, configuration_value, configuration_description, configuration_group_id, sort_order, last_modified, date_added, use_function, set_function) values ('118', 'Postal Code', 'SHIPPING_ORIGIN_ZIP', 'NONE', 'Enter the Postal Code (ZIP) of the Store to be used in shipping quotes.', '7', '2', NULL, '2012-08-25 08:48:59', NULL, NULL);
insert into configuration (configuration_id, configuration_title, configuration_key, configuration_value, configuration_description, configuration_group_id, sort_order, last_modified, date_added, use_function, set_function) values ('119', 'Enter the Maximum Package Weight you will ship', 'SHIPPING_MAX_WEIGHT', '50', 'Carriers have a max weight limit for a single package. This is a common one for all.', '7', '3', NULL, '2012-08-25 08:48:59', NULL, NULL);
insert into configuration (configuration_id, configuration_title, configuration_key, configuration_value, configuration_description, configuration_group_id, sort_order, last_modified, date_added, use_function, set_function) values ('120', 'Package Tare weight.', 'SHIPPING_BOX_WEIGHT', '3', 'What is the weight of typical packaging of small to medium packages?', '7', '4', NULL, '2012-08-25 08:48:59', NULL, NULL);
insert into configuration (configuration_id, configuration_title, configuration_key, configuration_value, configuration_description, configuration_group_id, sort_order, last_modified, date_added, use_function, set_function) values ('121', 'Larger packages - percentage increase.', 'SHIPPING_BOX_PADDING', '10', 'For 10% enter 10', '7', '5', NULL, '2012-08-25 08:48:59', NULL, NULL);
insert into configuration (configuration_id, configuration_title, configuration_key, configuration_value, configuration_description, configuration_group_id, sort_order, last_modified, date_added, use_function, set_function) values ('122', 'Display Product Image', 'PRODUCT_LIST_IMAGE', '1', 'Do you want to display the Product Image?', '8', '1', NULL, '2012-08-25 08:48:59', NULL, NULL);
insert into configuration (configuration_id, configuration_title, configuration_key, configuration_value, configuration_description, configuration_group_id, sort_order, last_modified, date_added, use_function, set_function) values ('123', 'Display Product Manufacturer Name', 'PRODUCT_LIST_MANUFACTURER', '5', 'Do you want to display the Product Manufacturer Name?', '8', '2', '2012-09-24 06:58:51', '2012-08-25 08:48:59', NULL, NULL);
insert into configuration (configuration_id, configuration_title, configuration_key, configuration_value, configuration_description, configuration_group_id, sort_order, last_modified, date_added, use_function, set_function) values ('124', 'Display Product Model', 'PRODUCT_LIST_MODEL', '6', 'Do you want to display the Product Model?', '8', '3', '2012-09-24 06:58:56', '2012-08-25 08:48:59', NULL, NULL);
insert into configuration (configuration_id, configuration_title, configuration_key, configuration_value, configuration_description, configuration_group_id, sort_order, last_modified, date_added, use_function, set_function) values ('125', 'Display Product Name', 'PRODUCT_LIST_NAME', '2', 'Do you want to display the Product Name?', '8', '4', NULL, '2012-08-25 08:48:59', NULL, NULL);
insert into configuration (configuration_id, configuration_title, configuration_key, configuration_value, configuration_description, configuration_group_id, sort_order, last_modified, date_added, use_function, set_function) values ('126', 'Display Product Price', 'PRODUCT_LIST_PRICE', '3', 'Do you want to display the Product Price', '8', '5', NULL, '2012-08-25 08:48:59', NULL, NULL);
insert into configuration (configuration_id, configuration_title, configuration_key, configuration_value, configuration_description, configuration_group_id, sort_order, last_modified, date_added, use_function, set_function) values ('127', 'Display Product Quantity', 'PRODUCT_LIST_QUANTITY', '7', 'Do you want to display the Product Quantity?', '8', '6', '2012-09-24 06:59:05', '2012-08-25 08:48:59', NULL, NULL);
insert into configuration (configuration_id, configuration_title, configuration_key, configuration_value, configuration_description, configuration_group_id, sort_order, last_modified, date_added, use_function, set_function) values ('128', 'Display Product Weight', 'PRODUCT_LIST_WEIGHT', '8', 'Do you want to display the Product Weight?', '8', '7', '2012-09-24 06:59:14', '2012-08-25 08:48:59', NULL, NULL);
insert into configuration (configuration_id, configuration_title, configuration_key, configuration_value, configuration_description, configuration_group_id, sort_order, last_modified, date_added, use_function, set_function) values ('129', 'Display Buy Now column', 'PRODUCT_LIST_BUY_NOW', '4', 'Do you want to display the Buy Now column?', '8', '8', NULL, '2012-08-25 08:48:59', NULL, NULL);
insert into configuration (configuration_id, configuration_title, configuration_key, configuration_value, configuration_description, configuration_group_id, sort_order, last_modified, date_added, use_function, set_function) values ('130', 'Display Category/Manufacturer Filter (0=disable; 1=enable)', 'PRODUCT_LIST_FILTER', '1', 'Do you want to display the Category/Manufacturer Filter?', '8', '9', NULL, '2012-08-25 08:48:59', NULL, NULL);
insert into configuration (configuration_id, configuration_title, configuration_key, configuration_value, configuration_description, configuration_group_id, sort_order, last_modified, date_added, use_function, set_function) values ('131', 'Location of Prev/Next Navigation Bar (1-top, 2-bottom, 3-both)', 'PREV_NEXT_BAR_LOCATION', '3', 'Sets the location of the Prev/Next Navigation Bar (1-top, 2-bottom, 3-both)', '8', '10', '2012-09-24 06:59:22', '2012-08-25 08:48:59', NULL, NULL);
insert into configuration (configuration_id, configuration_title, configuration_key, configuration_value, configuration_description, configuration_group_id, sort_order, last_modified, date_added, use_function, set_function) values ('132', 'Check stock level', 'STOCK_CHECK', 'true', 'Check to see if sufficent stock is available', '9', '1', NULL, '2012-08-25 08:48:59', NULL, 'tep_cfg_select_option(array(\'true\', \'false\'), ');
insert into configuration (configuration_id, configuration_title, configuration_key, configuration_value, configuration_description, configuration_group_id, sort_order, last_modified, date_added, use_function, set_function) values ('133', 'Subtract stock', 'STOCK_LIMITED', 'true', 'Subtract product in stock by product orders', '9', '2', NULL, '2012-08-25 08:48:59', NULL, 'tep_cfg_select_option(array(\'true\', \'false\'), ');
insert into configuration (configuration_id, configuration_title, configuration_key, configuration_value, configuration_description, configuration_group_id, sort_order, last_modified, date_added, use_function, set_function) values ('134', 'Allow Checkout', 'STOCK_ALLOW_CHECKOUT', 'true', 'Allow customer to checkout even if there is insufficient stock', '9', '3', NULL, '2012-08-25 08:48:59', NULL, 'tep_cfg_select_option(array(\'true\', \'false\'), ');
insert into configuration (configuration_id, configuration_title, configuration_key, configuration_value, configuration_description, configuration_group_id, sort_order, last_modified, date_added, use_function, set_function) values ('135', 'Mark product out of stock', 'STOCK_MARK_PRODUCT_OUT_OF_STOCK', '***', 'Display something on screen so customer can see which product has insufficient stock', '9', '4', NULL, '2012-08-25 08:48:59', NULL, NULL);
insert into configuration (configuration_id, configuration_title, configuration_key, configuration_value, configuration_description, configuration_group_id, sort_order, last_modified, date_added, use_function, set_function) values ('136', 'Stock Re-order level', 'STOCK_REORDER_LEVEL', '5', 'Define when stock needs to be re-ordered', '9', '5', NULL, '2012-08-25 08:48:59', NULL, NULL);
insert into configuration (configuration_id, configuration_title, configuration_key, configuration_value, configuration_description, configuration_group_id, sort_order, last_modified, date_added, use_function, set_function) values ('137', 'Store Page Parse Time', 'STORE_PAGE_PARSE_TIME', 'false', 'Store the time it takes to parse a page', '10', '1', NULL, '2012-08-25 08:48:59', NULL, 'tep_cfg_select_option(array(\'true\', \'false\'), ');
insert into configuration (configuration_id, configuration_title, configuration_key, configuration_value, configuration_description, configuration_group_id, sort_order, last_modified, date_added, use_function, set_function) values ('138', 'Log Destination', 'STORE_PAGE_PARSE_TIME_LOG', '/var/log/www/tep/page_parse_time.log', 'Directory and filename of the page parse time log', '10', '2', NULL, '2012-08-25 08:48:59', NULL, NULL);
insert into configuration (configuration_id, configuration_title, configuration_key, configuration_value, configuration_description, configuration_group_id, sort_order, last_modified, date_added, use_function, set_function) values ('139', 'Log Date Format', 'STORE_PARSE_DATE_TIME_FORMAT', '%d/%m/%Y %H:%M:%S', 'The date format', '10', '3', NULL, '2012-08-25 08:48:59', NULL, NULL);
insert into configuration (configuration_id, configuration_title, configuration_key, configuration_value, configuration_description, configuration_group_id, sort_order, last_modified, date_added, use_function, set_function) values ('140', 'Display The Page Parse Time', 'DISPLAY_PAGE_PARSE_TIME', 'true', 'Display the page parse time (store page parse time must be enabled)', '10', '4', NULL, '2012-08-25 08:48:59', NULL, 'tep_cfg_select_option(array(\'true\', \'false\'), ');
insert into configuration (configuration_id, configuration_title, configuration_key, configuration_value, configuration_description, configuration_group_id, sort_order, last_modified, date_added, use_function, set_function) values ('141', 'Store Database Queries', 'STORE_DB_TRANSACTIONS', 'false', 'Store the database queries in the page parse time log', '10', '5', NULL, '2012-08-25 08:48:59', NULL, 'tep_cfg_select_option(array(\'true\', \'false\'), ');
insert into configuration (configuration_id, configuration_title, configuration_key, configuration_value, configuration_description, configuration_group_id, sort_order, last_modified, date_added, use_function, set_function) values ('142', 'Use Cache', 'USE_CACHE', 'false', 'Use caching features', '11', '1', NULL, '2012-08-25 08:48:59', NULL, 'tep_cfg_select_option(array(\'true\', \'false\'), ');
insert into configuration (configuration_id, configuration_title, configuration_key, configuration_value, configuration_description, configuration_group_id, sort_order, last_modified, date_added, use_function, set_function) values ('143', 'Cache Directory', 'DIR_FS_CACHE', 'D:/xampp/htdocs/test/osc233-brooches/catalog/includes/work/', 'The directory where the cached files are saved', '11', '2', NULL, '2012-08-25 08:48:59', NULL, NULL);
insert into configuration (configuration_id, configuration_title, configuration_key, configuration_value, configuration_description, configuration_group_id, sort_order, last_modified, date_added, use_function, set_function) values ('144', 'E-Mail Transport Method', 'EMAIL_TRANSPORT', 'sendmail', 'Defines if this server uses a local connection to sendmail or uses an SMTP connection via TCP/IP. Servers running on Windows and MacOS should change this setting to SMTP.', '12', '1', '2012-08-25 11:50:16', '2012-08-25 08:48:59', NULL, 'tep_cfg_select_option(array(\'sendmail\', \'smtp\'),');
insert into configuration (configuration_id, configuration_title, configuration_key, configuration_value, configuration_description, configuration_group_id, sort_order, last_modified, date_added, use_function, set_function) values ('145', 'E-Mail Linefeeds', 'EMAIL_LINEFEED', 'LF', 'Defines the character sequence used to separate mail headers.', '12', '2', NULL, '2012-08-25 08:48:59', NULL, 'tep_cfg_select_option(array(\'LF\', \'CRLF\'),');
insert into configuration (configuration_id, configuration_title, configuration_key, configuration_value, configuration_description, configuration_group_id, sort_order, last_modified, date_added, use_function, set_function) values ('146', 'Use MIME HTML When Sending Emails', 'EMAIL_USE_HTML', 'false', 'Send e-mails in HTML format', '12', '3', NULL, '2012-08-25 08:48:59', NULL, 'tep_cfg_select_option(array(\'true\', \'false\'),');
insert into configuration (configuration_id, configuration_title, configuration_key, configuration_value, configuration_description, configuration_group_id, sort_order, last_modified, date_added, use_function, set_function) values ('147', 'Verify E-Mail Addresses Through DNS', 'ENTRY_EMAIL_ADDRESS_CHECK', 'false', 'Verify e-mail address through a DNS server', '12', '4', NULL, '2012-08-25 08:48:59', NULL, 'tep_cfg_select_option(array(\'true\', \'false\'), ');
insert into configuration (configuration_id, configuration_title, configuration_key, configuration_value, configuration_description, configuration_group_id, sort_order, last_modified, date_added, use_function, set_function) values ('148', 'Send E-Mails', 'SEND_EMAILS', 'true', 'Send out e-mails', '12', '5', NULL, '2012-08-25 08:48:59', NULL, 'tep_cfg_select_option(array(\'true\', \'false\'), ');
insert into configuration (configuration_id, configuration_title, configuration_key, configuration_value, configuration_description, configuration_group_id, sort_order, last_modified, date_added, use_function, set_function) values ('149', 'Enable download', 'DOWNLOAD_ENABLED', 'true', 'Enable the products download functions.', '13', '1', '2012-09-23 22:40:33', '2012-08-25 08:48:59', NULL, 'tep_cfg_select_option(array(\'true\', \'false\'), ');
insert into configuration (configuration_id, configuration_title, configuration_key, configuration_value, configuration_description, configuration_group_id, sort_order, last_modified, date_added, use_function, set_function) values ('150', 'Download by redirect', 'DOWNLOAD_BY_REDIRECT', 'false', 'Use browser redirection for download. Disable on non-Unix systems.', '13', '2', NULL, '2012-08-25 08:48:59', NULL, 'tep_cfg_select_option(array(\'true\', \'false\'), ');
insert into configuration (configuration_id, configuration_title, configuration_key, configuration_value, configuration_description, configuration_group_id, sort_order, last_modified, date_added, use_function, set_function) values ('151', 'Expiry delay (days)', 'DOWNLOAD_MAX_DAYS', '7', 'Set number of days before the download link expires. 0 means no limit.', '13', '3', NULL, '2012-08-25 08:48:59', NULL, '');
insert into configuration (configuration_id, configuration_title, configuration_key, configuration_value, configuration_description, configuration_group_id, sort_order, last_modified, date_added, use_function, set_function) values ('152', 'Maximum number of downloads', 'DOWNLOAD_MAX_COUNT', '5', 'Set the maximum number of downloads. 0 means no download authorized.', '13', '4', NULL, '2012-08-25 08:48:59', NULL, '');
insert into configuration (configuration_id, configuration_title, configuration_key, configuration_value, configuration_description, configuration_group_id, sort_order, last_modified, date_added, use_function, set_function) values ('153', 'Enable GZip Compression', 'GZIP_COMPRESSION', 'false', 'Enable HTTP GZip compression.', '14', '1', NULL, '2012-08-25 08:48:59', NULL, 'tep_cfg_select_option(array(\'true\', \'false\'), ');
insert into configuration (configuration_id, configuration_title, configuration_key, configuration_value, configuration_description, configuration_group_id, sort_order, last_modified, date_added, use_function, set_function) values ('154', 'Compression Level', 'GZIP_LEVEL', '5', 'Use this compression level 0-9 (0 = minimum, 9 = maximum).', '14', '2', NULL, '2012-08-25 08:48:59', NULL, NULL);
insert into configuration (configuration_id, configuration_title, configuration_key, configuration_value, configuration_description, configuration_group_id, sort_order, last_modified, date_added, use_function, set_function) values ('155', 'Session Directory', 'SESSION_WRITE_DIRECTORY', 'D:/xampp/htdocs/test/osc233-brooches/catalog/includes/work/', 'If sessions are file based, store them in this directory.', '15', '1', NULL, '2012-08-25 08:48:59', NULL, NULL);
insert into configuration (configuration_id, configuration_title, configuration_key, configuration_value, configuration_description, configuration_group_id, sort_order, last_modified, date_added, use_function, set_function) values ('156', 'Force Cookie Use', 'SESSION_FORCE_COOKIE_USE', 'False', 'Force the use of sessions when cookies are only enabled.', '15', '2', NULL, '2012-08-25 08:48:59', NULL, 'tep_cfg_select_option(array(\'True\', \'False\'), ');
insert into configuration (configuration_id, configuration_title, configuration_key, configuration_value, configuration_description, configuration_group_id, sort_order, last_modified, date_added, use_function, set_function) values ('157', 'Check SSL Session ID', 'SESSION_CHECK_SSL_SESSION_ID', 'False', 'Validate the SSL_SESSION_ID on every secure HTTPS page request.', '15', '3', NULL, '2012-08-25 08:48:59', NULL, 'tep_cfg_select_option(array(\'True\', \'False\'), ');
insert into configuration (configuration_id, configuration_title, configuration_key, configuration_value, configuration_description, configuration_group_id, sort_order, last_modified, date_added, use_function, set_function) values ('158', 'Check User Agent', 'SESSION_CHECK_USER_AGENT', 'False', 'Validate the clients browser user agent on every page request.', '15', '4', NULL, '2012-08-25 08:48:59', NULL, 'tep_cfg_select_option(array(\'True\', \'False\'), ');
insert into configuration (configuration_id, configuration_title, configuration_key, configuration_value, configuration_description, configuration_group_id, sort_order, last_modified, date_added, use_function, set_function) values ('159', 'Check IP Address', 'SESSION_CHECK_IP_ADDRESS', 'False', 'Validate the clients IP address on every page request.', '15', '5', NULL, '2012-08-25 08:48:59', NULL, 'tep_cfg_select_option(array(\'True\', \'False\'), ');
insert into configuration (configuration_id, configuration_title, configuration_key, configuration_value, configuration_description, configuration_group_id, sort_order, last_modified, date_added, use_function, set_function) values ('160', 'Prevent Spider Sessions', 'SESSION_BLOCK_SPIDERS', 'True', 'Prevent known spiders from starting a session.', '15', '6', NULL, '2012-08-25 08:48:59', NULL, 'tep_cfg_select_option(array(\'True\', \'False\'), ');
insert into configuration (configuration_id, configuration_title, configuration_key, configuration_value, configuration_description, configuration_group_id, sort_order, last_modified, date_added, use_function, set_function) values ('161', 'Recreate Session', 'SESSION_RECREATE', 'True', 'Recreate the session to generate a new session ID when the customer logs on or creates an account (PHP >=4.1 needed).', '15', '7', NULL, '2012-08-25 08:48:59', NULL, 'tep_cfg_select_option(array(\'True\', \'False\'), ');
insert into configuration (configuration_id, configuration_title, configuration_key, configuration_value, configuration_description, configuration_group_id, sort_order, last_modified, date_added, use_function, set_function) values ('162', 'Last Update Check Time', 'LAST_UPDATE_CHECK_TIME', '', 'Last time a check for new versions of osCommerce was run', '6', '0', NULL, '2012-08-25 08:48:59', NULL, NULL);
insert into configuration (configuration_id, configuration_title, configuration_key, configuration_value, configuration_description, configuration_group_id, sort_order, last_modified, date_added, use_function, set_function) values ('163', 'Enable PayPal Express Checkout', 'MODULE_PAYMENT_PAYPAL_EXPRESS_STATUS', 'True', 'Do you want to accept PayPal Express Checkout payments?', '6', '1', NULL, '2012-08-25 08:49:02', NULL, 'tep_cfg_select_option(array(\'True\', \'False\'), ');
insert into configuration (configuration_id, configuration_title, configuration_key, configuration_value, configuration_description, configuration_group_id, sort_order, last_modified, date_added, use_function, set_function) values ('164', 'Seller Account', 'MODULE_PAYMENT_PAYPAL_EXPRESS_SELLER_ACCOUNT', 'budalsekolah@gmail.com', 'The email address of the seller account if no API credentials has been setup.', '6', '0', NULL, '2012-08-25 08:49:02', NULL, NULL);
insert into configuration (configuration_id, configuration_title, configuration_key, configuration_value, configuration_description, configuration_group_id, sort_order, last_modified, date_added, use_function, set_function) values ('165', 'API Username', 'MODULE_PAYMENT_PAYPAL_EXPRESS_API_USERNAME', '', 'The username to use for the PayPal API service', '6', '0', NULL, '2012-08-25 08:49:02', NULL, NULL);
insert into configuration (configuration_id, configuration_title, configuration_key, configuration_value, configuration_description, configuration_group_id, sort_order, last_modified, date_added, use_function, set_function) values ('166', 'API Password', 'MODULE_PAYMENT_PAYPAL_EXPRESS_API_PASSWORD', '', 'The password to use for the PayPal API service', '6', '0', NULL, '2012-08-25 08:49:02', NULL, NULL);
insert into configuration (configuration_id, configuration_title, configuration_key, configuration_value, configuration_description, configuration_group_id, sort_order, last_modified, date_added, use_function, set_function) values ('167', 'API Signature', 'MODULE_PAYMENT_PAYPAL_EXPRESS_API_SIGNATURE', '', 'The signature to use for the PayPal API service', '6', '0', NULL, '2012-08-25 08:49:02', NULL, NULL);
insert into configuration (configuration_id, configuration_title, configuration_key, configuration_value, configuration_description, configuration_group_id, sort_order, last_modified, date_added, use_function, set_function) values ('168', 'Transaction Server', 'MODULE_PAYMENT_PAYPAL_EXPRESS_TRANSACTION_SERVER', 'Live', 'Use the live or testing (sandbox) gateway server to process transactions?', '6', '0', NULL, '2012-08-25 08:49:02', NULL, 'tep_cfg_select_option(array(\'Live\', \'Sandbox\'), ');
insert into configuration (configuration_id, configuration_title, configuration_key, configuration_value, configuration_description, configuration_group_id, sort_order, last_modified, date_added, use_function, set_function) values ('169', 'Transaction Method', 'MODULE_PAYMENT_PAYPAL_EXPRESS_TRANSACTION_METHOD', 'Sale', 'The processing method to use for each transaction.', '6', '0', NULL, '2012-08-25 08:49:02', NULL, 'tep_cfg_select_option(array(\'Authorization\', \'Sale\'), ');
insert into configuration (configuration_id, configuration_title, configuration_key, configuration_value, configuration_description, configuration_group_id, sort_order, last_modified, date_added, use_function, set_function) values ('170', 'PayPal Account Optional', 'MODULE_PAYMENT_PAYPAL_EXPRESS_ACCOUNT_OPTIONAL', 'False', 'This must also be enabled in your PayPal account, in Profile > Website Payment Preferences.', '6', '0', NULL, '2012-08-25 08:49:02', NULL, 'tep_cfg_select_option(array(\'True\', \'False\'), ');
insert into configuration (configuration_id, configuration_title, configuration_key, configuration_value, configuration_description, configuration_group_id, sort_order, last_modified, date_added, use_function, set_function) values ('171', 'PayPal Instant Update', 'MODULE_PAYMENT_PAYPAL_EXPRESS_INSTANT_UPDATE', 'True', 'Support PayPal shipping and tax calculations on the PayPal.com site during Express Checkout.', '6', '0', NULL, '2012-08-25 08:49:02', NULL, 'tep_cfg_select_option(array(\'True\', \'False\'), ');
insert into configuration (configuration_id, configuration_title, configuration_key, configuration_value, configuration_description, configuration_group_id, sort_order, last_modified, date_added, use_function, set_function) values ('172', 'PayPal Checkout Image', 'MODULE_PAYMENT_PAYPAL_EXPRESS_CHECKOUT_IMAGE', 'Static', 'Use static or dynamic Express Checkout image buttons. Dynamic images are used with PayPal campaigns.', '6', '0', NULL, '2012-08-25 08:49:02', NULL, 'tep_cfg_select_option(array(\'Static\', \'Dynamic\'), ');
insert into configuration (configuration_id, configuration_title, configuration_key, configuration_value, configuration_description, configuration_group_id, sort_order, last_modified, date_added, use_function, set_function) values ('173', 'Debug E-Mail Address', 'MODULE_PAYMENT_PAYPAL_EXPRESS_DEBUG_EMAIL', '', 'All parameters of an invalid transaction will be sent to this email address.', '6', '0', NULL, '2012-08-25 08:49:02', NULL, NULL);
insert into configuration (configuration_id, configuration_title, configuration_key, configuration_value, configuration_description, configuration_group_id, sort_order, last_modified, date_added, use_function, set_function) values ('174', 'Payment Zone', 'MODULE_PAYMENT_PAYPAL_EXPRESS_ZONE', '0', 'If a zone is selected, only enable this payment method for that zone.', '6', '2', NULL, '2012-08-25 08:49:02', 'tep_get_zone_class_title', 'tep_cfg_pull_down_zone_classes(');
insert into configuration (configuration_id, configuration_title, configuration_key, configuration_value, configuration_description, configuration_group_id, sort_order, last_modified, date_added, use_function, set_function) values ('175', 'Sort order of display.', 'MODULE_PAYMENT_PAYPAL_EXPRESS_SORT_ORDER', '0', 'Sort order of display. Lowest is displayed first.', '6', '0', NULL, '2012-08-25 08:49:02', NULL, NULL);
insert into configuration (configuration_id, configuration_title, configuration_key, configuration_value, configuration_description, configuration_group_id, sort_order, last_modified, date_added, use_function, set_function) values ('176', 'Set Order Status', 'MODULE_PAYMENT_PAYPAL_EXPRESS_ORDER_STATUS_ID', '0', 'Set the status of orders made with this payment module to this value', '6', '0', NULL, '2012-08-25 08:49:02', 'tep_get_order_status_name', 'tep_cfg_pull_down_order_statuses(');
insert into configuration (configuration_id, configuration_title, configuration_key, configuration_value, configuration_description, configuration_group_id, sort_order, last_modified, date_added, use_function, set_function) values ('177', 'PayPal Transactions Order Status Level', 'MODULE_PAYMENT_PAYPAL_EXPRESS_TRANSACTIONS_ORDER_STATUS_ID', '4', 'Include PayPal transaction information in this order status level', '6', '0', NULL, '2012-08-25 08:49:02', 'tep_get_order_status_name', 'tep_cfg_pull_down_order_statuses(');
insert into configuration (configuration_id, configuration_title, configuration_key, configuration_value, configuration_description, configuration_group_id, sort_order, last_modified, date_added, use_function, set_function) values ('178', 'cURL Program Location', 'MODULE_PAYMENT_PAYPAL_EXPRESS_CURL', '/usr/bin/curl', 'The location to the cURL program application.', '6', '0', NULL, '2012-08-25 08:49:02', NULL, NULL);
insert into configuration (configuration_id, configuration_title, configuration_key, configuration_value, configuration_description, configuration_group_id, sort_order, last_modified, date_added, use_function, set_function) values ('179', 'Installed Modules', 'MODULE_HEADER_TAGS_INSTALLED', 'ht_manufacturer_title.php;ht_category_title.php;ht_product_title.php;ht_canonical.php;ht_robot_noindex.php', 'List of header tag module filenames separated by a semi-colon. This is automatically updated. No need to edit.', '6', '0', '2012-10-13 07:16:42', '2012-08-25 08:49:02', NULL, NULL);
insert into configuration (configuration_id, configuration_title, configuration_key, configuration_value, configuration_description, configuration_group_id, sort_order, last_modified, date_added, use_function, set_function) values ('180', 'Enable Category Title Module', 'MODULE_HEADER_TAGS_CATEGORY_TITLE_STATUS', 'True', 'Do you want to allow category titles to be added to the page title?', '6', '1', NULL, '2012-08-25 08:49:02', NULL, 'tep_cfg_select_option(array(\'True\', \'False\'), ');
insert into configuration (configuration_id, configuration_title, configuration_key, configuration_value, configuration_description, configuration_group_id, sort_order, last_modified, date_added, use_function, set_function) values ('181', 'Sort Order', 'MODULE_HEADER_TAGS_CATEGORY_TITLE_SORT_ORDER', '200', 'Sort order of display. Lowest is displayed first.', '6', '0', NULL, '2012-08-25 08:49:02', NULL, NULL);
insert into configuration (configuration_id, configuration_title, configuration_key, configuration_value, configuration_description, configuration_group_id, sort_order, last_modified, date_added, use_function, set_function) values ('182', 'Enable Manufacturer Title Module', 'MODULE_HEADER_TAGS_MANUFACTURER_TITLE_STATUS', 'True', 'Do you want to allow manufacturer titles to be added to the page title?', '6', '1', NULL, '2012-08-25 08:49:02', NULL, 'tep_cfg_select_option(array(\'True\', \'False\'), ');
insert into configuration (configuration_id, configuration_title, configuration_key, configuration_value, configuration_description, configuration_group_id, sort_order, last_modified, date_added, use_function, set_function) values ('183', 'Sort Order', 'MODULE_HEADER_TAGS_MANUFACTURER_TITLE_SORT_ORDER', '100', 'Sort order of display. Lowest is displayed first.', '6', '0', NULL, '2012-08-25 08:49:02', NULL, NULL);
insert into configuration (configuration_id, configuration_title, configuration_key, configuration_value, configuration_description, configuration_group_id, sort_order, last_modified, date_added, use_function, set_function) values ('184', 'Enable Product Title Module', 'MODULE_HEADER_TAGS_PRODUCT_TITLE_STATUS', 'True', 'Do you want to allow product titles to be added to the page title?', '6', '1', NULL, '2012-08-25 08:49:02', NULL, 'tep_cfg_select_option(array(\'True\', \'False\'), ');
insert into configuration (configuration_id, configuration_title, configuration_key, configuration_value, configuration_description, configuration_group_id, sort_order, last_modified, date_added, use_function, set_function) values ('185', 'Sort Order', 'MODULE_HEADER_TAGS_PRODUCT_TITLE_SORT_ORDER', '300', 'Sort order of display. Lowest is displayed first.', '6', '0', NULL, '2012-08-25 08:49:02', NULL, NULL);
insert into configuration (configuration_id, configuration_title, configuration_key, configuration_value, configuration_description, configuration_group_id, sort_order, last_modified, date_added, use_function, set_function) values ('186', 'Enable Canonical Module', 'MODULE_HEADER_TAGS_CANONICAL_STATUS', 'True', 'Do you want to enable the Canonical module?', '6', '1', NULL, '2012-08-25 08:49:02', NULL, 'tep_cfg_select_option(array(\'True\', \'False\'), ');
insert into configuration (configuration_id, configuration_title, configuration_key, configuration_value, configuration_description, configuration_group_id, sort_order, last_modified, date_added, use_function, set_function) values ('187', 'Sort Order', 'MODULE_HEADER_TAGS_CANONICAL_SORT_ORDER', '400', 'Sort order of display. Lowest is displayed first.', '6', '0', NULL, '2012-08-25 08:49:02', NULL, NULL);
insert into configuration (configuration_id, configuration_title, configuration_key, configuration_value, configuration_description, configuration_group_id, sort_order, last_modified, date_added, use_function, set_function) values ('188', 'Enable Robot NoIndex Module', 'MODULE_HEADER_TAGS_ROBOT_NOINDEX_STATUS', 'True', 'Do you want to enable the Robot NoIndex module?', '6', '1', NULL, '2012-08-25 08:49:02', NULL, 'tep_cfg_select_option(array(\'True\', \'False\'), ');
insert into configuration (configuration_id, configuration_title, configuration_key, configuration_value, configuration_description, configuration_group_id, sort_order, last_modified, date_added, use_function, set_function) values ('189', 'Pages', 'MODULE_HEADER_TAGS_ROBOT_NOINDEX_PAGES', 'account.php;account_edit.php;account_history.php;account_history_info.php;account_newsletters.php;account_notifications.php;account_password.php;address_book.php;address_book_process.php;checkout_confirmation.php;checkout_payment.php;checkout_payment_address.php;checkout_process.php;checkout_shipping.php;checkout_shipping_address.php;checkout_success.php;cookie_usage.php;create_account.php;create_account_success.php;login.php;logoff.php;password_forgotten.php;password_reset.php;product_reviews_write.php;shopping_cart.php;ssl_check.php;tell_a_friend.php', 'The pages to add the meta robot noindex tag to.', '6', '0', NULL, '2012-08-25 08:49:02', 'ht_robot_noindex_show_pages', 'ht_robot_noindex_edit_pages(');
insert into configuration (configuration_id, configuration_title, configuration_key, configuration_value, configuration_description, configuration_group_id, sort_order, last_modified, date_added, use_function, set_function) values ('190', 'Sort Order', 'MODULE_HEADER_TAGS_ROBOT_NOINDEX_SORT_ORDER', '500', 'Sort order of display. Lowest is displayed first.', '6', '0', NULL, '2012-08-25 08:49:02', NULL, NULL);
insert into configuration (configuration_id, configuration_title, configuration_key, configuration_value, configuration_description, configuration_group_id, sort_order, last_modified, date_added, use_function, set_function) values ('191', 'Installed Modules', 'MODULE_ADMIN_DASHBOARD_INSTALLED', 'd_total_revenue.php;d_total_customers.php;d_orders.php;d_customers.php;d_admin_logins.php;d_security_checks.php;d_latest_news.php;d_latest_addons.php;d_version_check.php;d_reviews.php', 'List of Administration Tool Dashboard module filenames separated by a semi-colon. This is automatically updated. No need to edit.', '6', '0', '2013-03-26 07:31:47', '2012-08-25 08:49:02', NULL, NULL);
insert into configuration (configuration_id, configuration_title, configuration_key, configuration_value, configuration_description, configuration_group_id, sort_order, last_modified, date_added, use_function, set_function) values ('192', 'Enable Administrator Logins Module', 'MODULE_ADMIN_DASHBOARD_ADMIN_LOGINS_STATUS', 'True', 'Do you want to show the latest administrator logins on the dashboard?', '6', '1', NULL, '2012-08-25 08:49:02', NULL, 'tep_cfg_select_option(array(\'True\', \'False\'), ');
insert into configuration (configuration_id, configuration_title, configuration_key, configuration_value, configuration_description, configuration_group_id, sort_order, last_modified, date_added, use_function, set_function) values ('193', 'Sort Order', 'MODULE_ADMIN_DASHBOARD_ADMIN_LOGINS_SORT_ORDER', '500', 'Sort order of display. Lowest is displayed first.', '6', '0', NULL, '2012-08-25 08:49:02', NULL, NULL);
insert into configuration (configuration_id, configuration_title, configuration_key, configuration_value, configuration_description, configuration_group_id, sort_order, last_modified, date_added, use_function, set_function) values ('194', 'Enable Customers Module', 'MODULE_ADMIN_DASHBOARD_CUSTOMERS_STATUS', 'True', 'Do you want to show the newest customers on the dashboard?', '6', '1', NULL, '2012-08-25 08:49:02', NULL, 'tep_cfg_select_option(array(\'True\', \'False\'), ');
insert into configuration (configuration_id, configuration_title, configuration_key, configuration_value, configuration_description, configuration_group_id, sort_order, last_modified, date_added, use_function, set_function) values ('195', 'Sort Order', 'MODULE_ADMIN_DASHBOARD_CUSTOMERS_SORT_ORDER', '400', 'Sort order of display. Lowest is displayed first.', '6', '0', NULL, '2012-08-25 08:49:02', NULL, NULL);
insert into configuration (configuration_id, configuration_title, configuration_key, configuration_value, configuration_description, configuration_group_id, sort_order, last_modified, date_added, use_function, set_function) values ('196', 'Enable Latest Add-Ons Module', 'MODULE_ADMIN_DASHBOARD_LATEST_ADDONS_STATUS', 'True', 'Do you want to show the latest osCommerce Add-Ons on the dashboard?', '6', '1', NULL, '2012-08-25 08:49:02', NULL, 'tep_cfg_select_option(array(\'True\', \'False\'), ');
insert into configuration (configuration_id, configuration_title, configuration_key, configuration_value, configuration_description, configuration_group_id, sort_order, last_modified, date_added, use_function, set_function) values ('197', 'Sort Order', 'MODULE_ADMIN_DASHBOARD_LATEST_ADDONS_SORT_ORDER', '800', 'Sort order of display. Lowest is displayed first.', '6', '0', NULL, '2012-08-25 08:49:02', NULL, NULL);
insert into configuration (configuration_id, configuration_title, configuration_key, configuration_value, configuration_description, configuration_group_id, sort_order, last_modified, date_added, use_function, set_function) values ('198', 'Enable Latest News Module', 'MODULE_ADMIN_DASHBOARD_LATEST_NEWS_STATUS', 'True', 'Do you want to show the latest osCommerce News on the dashboard?', '6', '1', NULL, '2012-08-25 08:49:02', NULL, 'tep_cfg_select_option(array(\'True\', \'False\'), ');
insert into configuration (configuration_id, configuration_title, configuration_key, configuration_value, configuration_description, configuration_group_id, sort_order, last_modified, date_added, use_function, set_function) values ('199', 'Sort Order', 'MODULE_ADMIN_DASHBOARD_LATEST_NEWS_SORT_ORDER', '700', 'Sort order of display. Lowest is displayed first.', '6', '0', NULL, '2012-08-25 08:49:02', NULL, NULL);
insert into configuration (configuration_id, configuration_title, configuration_key, configuration_value, configuration_description, configuration_group_id, sort_order, last_modified, date_added, use_function, set_function) values ('200', 'Enable Orders Module', 'MODULE_ADMIN_DASHBOARD_ORDERS_STATUS', 'True', 'Do you want to show the latest orders on the dashboard?', '6', '1', NULL, '2012-08-25 08:49:02', NULL, 'tep_cfg_select_option(array(\'True\', \'False\'), ');
insert into configuration (configuration_id, configuration_title, configuration_key, configuration_value, configuration_description, configuration_group_id, sort_order, last_modified, date_added, use_function, set_function) values ('201', 'Sort Order', 'MODULE_ADMIN_DASHBOARD_ORDERS_SORT_ORDER', '300', 'Sort order of display. Lowest is displayed first.', '6', '0', NULL, '2012-08-25 08:49:02', NULL, NULL);
insert into configuration (configuration_id, configuration_title, configuration_key, configuration_value, configuration_description, configuration_group_id, sort_order, last_modified, date_added, use_function, set_function) values ('202', 'Enable Security Checks Module', 'MODULE_ADMIN_DASHBOARD_SECURITY_CHECKS_STATUS', 'True', 'Do you want to run the security checks for this installation?', '6', '1', NULL, '2012-08-25 08:49:02', NULL, 'tep_cfg_select_option(array(\'True\', \'False\'), ');
insert into configuration (configuration_id, configuration_title, configuration_key, configuration_value, configuration_description, configuration_group_id, sort_order, last_modified, date_added, use_function, set_function) values ('203', 'Sort Order', 'MODULE_ADMIN_DASHBOARD_SECURITY_CHECKS_SORT_ORDER', '600', 'Sort order of display. Lowest is displayed first.', '6', '0', NULL, '2012-08-25 08:49:02', NULL, NULL);
insert into configuration (configuration_id, configuration_title, configuration_key, configuration_value, configuration_description, configuration_group_id, sort_order, last_modified, date_added, use_function, set_function) values ('204', 'Enable Total Customers Module', 'MODULE_ADMIN_DASHBOARD_TOTAL_CUSTOMERS_STATUS', 'True', 'Do you want to show the total customers chart on the dashboard?', '6', '1', NULL, '2012-08-25 08:49:03', NULL, 'tep_cfg_select_option(array(\'True\', \'False\'), ');
insert into configuration (configuration_id, configuration_title, configuration_key, configuration_value, configuration_description, configuration_group_id, sort_order, last_modified, date_added, use_function, set_function) values ('205', 'Sort Order', 'MODULE_ADMIN_DASHBOARD_TOTAL_CUSTOMERS_SORT_ORDER', '200', 'Sort order of display. Lowest is displayed first.', '6', '0', NULL, '2012-08-25 08:49:03', NULL, NULL);
insert into configuration (configuration_id, configuration_title, configuration_key, configuration_value, configuration_description, configuration_group_id, sort_order, last_modified, date_added, use_function, set_function) values ('206', 'Enable Total Revenue Module', 'MODULE_ADMIN_DASHBOARD_TOTAL_REVENUE_STATUS', 'True', 'Do you want to show the total revenue chart on the dashboard?', '6', '1', NULL, '2012-08-25 08:49:03', NULL, 'tep_cfg_select_option(array(\'True\', \'False\'), ');
insert into configuration (configuration_id, configuration_title, configuration_key, configuration_value, configuration_description, configuration_group_id, sort_order, last_modified, date_added, use_function, set_function) values ('207', 'Sort Order', 'MODULE_ADMIN_DASHBOARD_TOTAL_REVENUE_SORT_ORDER', '100', 'Sort order of display. Lowest is displayed first.', '6', '0', NULL, '2012-08-25 08:49:03', NULL, NULL);
insert into configuration (configuration_id, configuration_title, configuration_key, configuration_value, configuration_description, configuration_group_id, sort_order, last_modified, date_added, use_function, set_function) values ('208', 'Enable Version Check Module', 'MODULE_ADMIN_DASHBOARD_VERSION_CHECK_STATUS', 'True', 'Do you want to show the version check results on the dashboard?', '6', '1', NULL, '2012-08-25 08:49:03', NULL, 'tep_cfg_select_option(array(\'True\', \'False\'), ');
insert into configuration (configuration_id, configuration_title, configuration_key, configuration_value, configuration_description, configuration_group_id, sort_order, last_modified, date_added, use_function, set_function) values ('209', 'Sort Order', 'MODULE_ADMIN_DASHBOARD_VERSION_CHECK_SORT_ORDER', '900', 'Sort order of display. Lowest is displayed first.', '6', '0', NULL, '2012-08-25 08:49:03', NULL, NULL);
insert into configuration (configuration_id, configuration_title, configuration_key, configuration_value, configuration_description, configuration_group_id, sort_order, last_modified, date_added, use_function, set_function) values ('210', 'Enable Latest Reviews Module', 'MODULE_ADMIN_DASHBOARD_REVIEWS_STATUS', 'True', 'Do you want to show the latest reviews on the dashboard?', '6', '1', NULL, '2012-08-25 08:49:03', NULL, 'tep_cfg_select_option(array(\'True\', \'False\'), ');
insert into configuration (configuration_id, configuration_title, configuration_key, configuration_value, configuration_description, configuration_group_id, sort_order, last_modified, date_added, use_function, set_function) values ('211', 'Sort Order', 'MODULE_ADMIN_DASHBOARD_REVIEWS_SORT_ORDER', '1000', 'Sort order of display. Lowest is displayed first.', '6', '0', NULL, '2012-08-25 08:49:03', NULL, NULL);
insert into configuration (configuration_id, configuration_title, configuration_key, configuration_value, configuration_description, configuration_group_id, sort_order, last_modified, date_added, use_function, set_function) values ('212', 'Installed Modules', 'MODULE_BOXES_INSTALLED', 'bm_shopping_cart.php;bm_product_cycle_slideshow.php;bm_categories.php;bm_manufacturers.php;bm_best_sellers.php;bm_manufacturer_info.php;bm_order_history.php;bm_product_notifications.php;bm_product_social_bookmarks.php;bm_featured.php', 'List of box module filenames separated by a semi-colon. This is automatically updated. No need to edit.', '6', '0', '2012-11-23 07:31:26', '2012-08-25 08:49:03', NULL, NULL);
insert into configuration (configuration_id, configuration_title, configuration_key, configuration_value, configuration_description, configuration_group_id, sort_order, last_modified, date_added, use_function, set_function) values ('216', 'Enable Categories Module', 'MODULE_BOXES_CATEGORIES_STATUS', 'True', 'Do you want to add the module to your shop?', '6', '1', NULL, '2012-08-25 08:49:03', NULL, 'tep_cfg_select_option(array(\'True\', \'False\'), ');
insert into configuration (configuration_id, configuration_title, configuration_key, configuration_value, configuration_description, configuration_group_id, sort_order, last_modified, date_added, use_function, set_function) values ('217', 'Content Placement', 'MODULE_BOXES_CATEGORIES_CONTENT_PLACEMENT', 'Left Column', 'Should the module be loaded in the left or right column?', '6', '1', NULL, '2012-08-25 08:49:03', NULL, 'tep_cfg_select_option(array(\'Left Column\', \'Right Column\'), ');
insert into configuration (configuration_id, configuration_title, configuration_key, configuration_value, configuration_description, configuration_group_id, sort_order, last_modified, date_added, use_function, set_function) values ('218', 'Sort Order', 'MODULE_BOXES_CATEGORIES_SORT_ORDER', '1020', 'Sort order of display. Lowest is displayed first.', '6', '0', NULL, '2012-08-25 08:49:03', NULL, NULL);
insert into configuration (configuration_id, configuration_title, configuration_key, configuration_value, configuration_description, configuration_group_id, sort_order, last_modified, date_added, use_function, set_function) values ('228', 'Enable Manufacturer Info Module', 'MODULE_BOXES_MANUFACTURER_INFO_STATUS', 'True', 'Do you want to add the module to your shop?', '6', '1', NULL, '2012-08-25 08:49:03', NULL, 'tep_cfg_select_option(array(\'True\', \'False\'), ');
insert into configuration (configuration_id, configuration_title, configuration_key, configuration_value, configuration_description, configuration_group_id, sort_order, last_modified, date_added, use_function, set_function) values ('229', 'Content Placement', 'MODULE_BOXES_MANUFACTURER_INFO_CONTENT_PLACEMENT', 'Left Column', 'Should the module be loaded in the left or right column?', '6', '1', NULL, '2012-08-25 08:49:03', NULL, 'tep_cfg_select_option(array(\'Left Column\', \'Right Column\'), ');
insert into configuration (configuration_id, configuration_title, configuration_key, configuration_value, configuration_description, configuration_group_id, sort_order, last_modified, date_added, use_function, set_function) values ('230', 'Sort Order', 'MODULE_BOXES_MANUFACTURER_INFO_SORT_ORDER', '5010', 'Sort order of display. Lowest is displayed first.', '6', '0', NULL, '2012-08-25 08:49:03', NULL, NULL);
insert into configuration (configuration_id, configuration_title, configuration_key, configuration_value, configuration_description, configuration_group_id, sort_order, last_modified, date_added, use_function, set_function) values ('231', 'Enable Manufacturers Module', 'MODULE_BOXES_MANUFACTURERS_STATUS', 'True', 'Do you want to add the module to your shop?', '6', '1', NULL, '2012-08-25 08:49:03', NULL, 'tep_cfg_select_option(array(\'True\', \'False\'), ');
insert into configuration (configuration_id, configuration_title, configuration_key, configuration_value, configuration_description, configuration_group_id, sort_order, last_modified, date_added, use_function, set_function) values ('232', 'Content Placement', 'MODULE_BOXES_MANUFACTURERS_CONTENT_PLACEMENT', 'Left Column', 'Should the module be loaded in the left or right column?', '6', '1', NULL, '2012-08-25 08:49:03', NULL, 'tep_cfg_select_option(array(\'Left Column\', \'Right Column\'), ');
insert into configuration (configuration_id, configuration_title, configuration_key, configuration_value, configuration_description, configuration_group_id, sort_order, last_modified, date_added, use_function, set_function) values ('233', 'Sort Order', 'MODULE_BOXES_MANUFACTURERS_SORT_ORDER', '1030', 'Sort order of display. Lowest is displayed first.', '6', '0', NULL, '2012-08-25 08:49:03', NULL, NULL);
insert into configuration (configuration_id, configuration_title, configuration_key, configuration_value, configuration_description, configuration_group_id, sort_order, last_modified, date_added, use_function, set_function) values ('234', 'Enable Order History Module', 'MODULE_BOXES_ORDER_HISTORY_STATUS', 'True', 'Do you want to add the module to your shop?', '6', '1', NULL, '2012-08-25 08:49:03', NULL, 'tep_cfg_select_option(array(\'True\', \'False\'), ');
insert into configuration (configuration_id, configuration_title, configuration_key, configuration_value, configuration_description, configuration_group_id, sort_order, last_modified, date_added, use_function, set_function) values ('235', 'Content Placement', 'MODULE_BOXES_ORDER_HISTORY_CONTENT_PLACEMENT', 'Left Column', 'Should the module be loaded in the left or right column?', '6', '1', NULL, '2012-08-25 08:49:03', NULL, 'tep_cfg_select_option(array(\'Left Column\', \'Right Column\'), ');
insert into configuration (configuration_id, configuration_title, configuration_key, configuration_value, configuration_description, configuration_group_id, sort_order, last_modified, date_added, use_function, set_function) values ('236', 'Sort Order', 'MODULE_BOXES_ORDER_HISTORY_SORT_ORDER', '5020', 'Sort order of display. Lowest is displayed first.', '6', '0', NULL, '2012-08-25 08:49:03', NULL, NULL);
insert into configuration (configuration_id, configuration_title, configuration_key, configuration_value, configuration_description, configuration_group_id, sort_order, last_modified, date_added, use_function, set_function) values ('237', 'Enable Product Notifications Module', 'MODULE_BOXES_PRODUCT_NOTIFICATIONS_STATUS', 'True', 'Do you want to add the module to your shop?', '6', '1', NULL, '2012-08-25 08:49:03', NULL, 'tep_cfg_select_option(array(\'True\', \'False\'), ');
insert into configuration (configuration_id, configuration_title, configuration_key, configuration_value, configuration_description, configuration_group_id, sort_order, last_modified, date_added, use_function, set_function) values ('238', 'Content Placement', 'MODULE_BOXES_PRODUCT_NOTIFICATIONS_CONTENT_PLACEMENT', 'Left Column', 'Should the module be loaded in the left or right column?', '6', '1', NULL, '2012-08-25 08:49:03', NULL, 'tep_cfg_select_option(array(\'Left Column\', \'Right Column\'), ');
insert into configuration (configuration_id, configuration_title, configuration_key, configuration_value, configuration_description, configuration_group_id, sort_order, last_modified, date_added, use_function, set_function) values ('239', 'Sort Order', 'MODULE_BOXES_PRODUCT_NOTIFICATIONS_SORT_ORDER', '5040', 'Sort order of display. Lowest is displayed first.', '6', '0', NULL, '2012-08-25 08:49:03', NULL, NULL);
insert into configuration (configuration_id, configuration_title, configuration_key, configuration_value, configuration_description, configuration_group_id, sort_order, last_modified, date_added, use_function, set_function) values ('240', 'Enable Product Social Bookmarks Module', 'MODULE_BOXES_PRODUCT_SOCIAL_BOOKMARKS_STATUS', 'True', 'Do you want to add the module to your shop?', '6', '1', NULL, '2012-08-25 08:49:03', NULL, 'tep_cfg_select_option(array(\'True\', \'False\'), ');
insert into configuration (configuration_id, configuration_title, configuration_key, configuration_value, configuration_description, configuration_group_id, sort_order, last_modified, date_added, use_function, set_function) values ('241', 'Content Placement', 'MODULE_BOXES_PRODUCT_SOCIAL_BOOKMARKS_CONTENT_PLACEMENT', 'Left Column', 'Should the module be loaded in the left or right column?', '6', '1', NULL, '2012-08-25 08:49:03', NULL, 'tep_cfg_select_option(array(\'Left Column\', \'Right Column\'), ');
insert into configuration (configuration_id, configuration_title, configuration_key, configuration_value, configuration_description, configuration_group_id, sort_order, last_modified, date_added, use_function, set_function) values ('242', 'Sort Order', 'MODULE_BOXES_PRODUCT_SOCIAL_BOOKMARKS_SORT_ORDER', '5050', 'Sort order of display. Lowest is displayed first.', '6', '0', NULL, '2012-08-25 08:49:03', NULL, NULL);
insert into configuration (configuration_id, configuration_title, configuration_key, configuration_value, configuration_description, configuration_group_id, sort_order, last_modified, date_added, use_function, set_function) values ('249', 'Enable Shopping Cart Module', 'MODULE_BOXES_SHOPPING_CART_STATUS', 'True', 'Do you want to add the module to your shop?', '6', '1', NULL, '2012-08-25 08:49:03', NULL, 'tep_cfg_select_option(array(\'True\', \'False\'), ');
insert into configuration (configuration_id, configuration_title, configuration_key, configuration_value, configuration_description, configuration_group_id, sort_order, last_modified, date_added, use_function, set_function) values ('250', 'Content Placement', 'MODULE_BOXES_SHOPPING_CART_CONTENT_PLACEMENT', 'Left Column', 'Should the module be loaded in the left or right column?', '6', '1', NULL, '2012-08-25 08:49:03', NULL, 'tep_cfg_select_option(array(\'Left Column\', \'Right Column\'), ');
insert into configuration (configuration_id, configuration_title, configuration_key, configuration_value, configuration_description, configuration_group_id, sort_order, last_modified, date_added, use_function, set_function) values ('251', 'Sort Order', 'MODULE_BOXES_SHOPPING_CART_SORT_ORDER', '1000', 'Sort order of display. Lowest is displayed first.', '6', '0', NULL, '2012-08-25 08:49:03', NULL, NULL);
insert into configuration (configuration_id, configuration_title, configuration_key, configuration_value, configuration_description, configuration_group_id, sort_order, last_modified, date_added, use_function, set_function) values ('258', 'Installed Template Block Groups', 'TEMPLATE_BLOCK_GROUPS', 'boxes;header_tags', 'This is automatically updated. No need to edit.', '6', '0', NULL, '2012-08-25 08:49:03', NULL, NULL);
insert into configuration (configuration_id, configuration_title, configuration_key, configuration_value, configuration_description, configuration_group_id, sort_order, last_modified, date_added, use_function, set_function) values ('259', 'Enable Check/Money Order Module', 'MODULE_PAYMENT_MONEYORDER_STATUS', 'True', 'Do you want to accept Check/Money Order payments?', '6', '1', NULL, '2012-09-23 22:41:54', NULL, 'tep_cfg_select_option(array(\'True\', \'False\'), ');
insert into configuration (configuration_id, configuration_title, configuration_key, configuration_value, configuration_description, configuration_group_id, sort_order, last_modified, date_added, use_function, set_function) values ('260', 'Make Payable to:', 'MODULE_PAYMENT_MONEYORDER_PAYTO', 'dian', 'Who should payments be made payable to?', '6', '1', NULL, '2012-09-23 22:41:54', NULL, NULL);
insert into configuration (configuration_id, configuration_title, configuration_key, configuration_value, configuration_description, configuration_group_id, sort_order, last_modified, date_added, use_function, set_function) values ('261', 'Sort order of display.', 'MODULE_PAYMENT_MONEYORDER_SORT_ORDER', '0', 'Sort order of display. Lowest is displayed first.', '6', '0', NULL, '2012-09-23 22:41:54', NULL, NULL);
insert into configuration (configuration_id, configuration_title, configuration_key, configuration_value, configuration_description, configuration_group_id, sort_order, last_modified, date_added, use_function, set_function) values ('262', 'Payment Zone', 'MODULE_PAYMENT_MONEYORDER_ZONE', '0', 'If a zone is selected, only enable this payment method for that zone.', '6', '2', NULL, '2012-09-23 22:41:54', 'tep_get_zone_class_title', 'tep_cfg_pull_down_zone_classes(');
insert into configuration (configuration_id, configuration_title, configuration_key, configuration_value, configuration_description, configuration_group_id, sort_order, last_modified, date_added, use_function, set_function) values ('263', 'Set Order Status', 'MODULE_PAYMENT_MONEYORDER_ORDER_STATUS_ID', '0', 'Set the status of orders made with this payment module to this value', '6', '0', NULL, '2012-09-23 22:41:54', 'tep_get_order_status_name', 'tep_cfg_pull_down_order_statuses(');
insert into configuration (configuration_id, configuration_title, configuration_key, configuration_value, configuration_description, configuration_group_id, sort_order, last_modified, date_added, use_function, set_function) values ('264', 'Enable Digg Module', 'MODULE_SOCIAL_BOOKMARKS_DIGG_STATUS', 'True', 'Do you want to allow products to be shared through Digg?', '6', '1', NULL, '2012-09-24 07:00:16', NULL, 'tep_cfg_select_option(array(\'True\', \'False\'), ');
insert into configuration (configuration_id, configuration_title, configuration_key, configuration_value, configuration_description, configuration_group_id, sort_order, last_modified, date_added, use_function, set_function) values ('265', 'Sort Order', 'MODULE_SOCIAL_BOOKMARKS_DIGG_SORT_ORDER', '60', 'Sort order of display. Lowest is displayed first.', '6', '0', NULL, '2012-09-24 07:00:16', NULL, NULL);
insert into configuration (configuration_id, configuration_title, configuration_key, configuration_value, configuration_description, configuration_group_id, sort_order, last_modified, date_added, use_function, set_function) values ('273', 'Enable Item Shipping', 'MODULE_SHIPPING_ITEM_STATUS', 'True', 'Do you want to offer per item rate shipping?', '6', '0', NULL, '2012-09-24 07:01:36', NULL, 'tep_cfg_select_option(array(\'True\', \'False\'), ');
insert into configuration (configuration_id, configuration_title, configuration_key, configuration_value, configuration_description, configuration_group_id, sort_order, last_modified, date_added, use_function, set_function) values ('274', 'Shipping Cost', 'MODULE_SHIPPING_ITEM_COST', '2.50', 'The shipping cost will be multiplied by the number of items in an order that uses this shipping method.', '6', '0', NULL, '2012-09-24 07:01:36', NULL, NULL);
insert into configuration (configuration_id, configuration_title, configuration_key, configuration_value, configuration_description, configuration_group_id, sort_order, last_modified, date_added, use_function, set_function) values ('275', 'Handling Fee', 'MODULE_SHIPPING_ITEM_HANDLING', '0', 'Handling fee for this shipping method.', '6', '0', NULL, '2012-09-24 07:01:36', NULL, NULL);
insert into configuration (configuration_id, configuration_title, configuration_key, configuration_value, configuration_description, configuration_group_id, sort_order, last_modified, date_added, use_function, set_function) values ('276', 'Tax Class', 'MODULE_SHIPPING_ITEM_TAX_CLASS', '0', 'Use the following tax class on the shipping fee.', '6', '0', NULL, '2012-09-24 07:01:36', 'tep_get_tax_class_title', 'tep_cfg_pull_down_tax_classes(');
insert into configuration (configuration_id, configuration_title, configuration_key, configuration_value, configuration_description, configuration_group_id, sort_order, last_modified, date_added, use_function, set_function) values ('277', 'Shipping Zone', 'MODULE_SHIPPING_ITEM_ZONE', '0', 'If a zone is selected, only enable this shipping method for that zone.', '6', '0', NULL, '2012-09-24 07:01:36', 'tep_get_zone_class_title', 'tep_cfg_pull_down_zone_classes(');
insert into configuration (configuration_id, configuration_title, configuration_key, configuration_value, configuration_description, configuration_group_id, sort_order, last_modified, date_added, use_function, set_function) values ('278', 'Sort Order', 'MODULE_SHIPPING_ITEM_SORT_ORDER', '0', 'Sort order of display.', '6', '0', NULL, '2012-09-24 07:01:36', NULL, NULL);
insert into configuration (configuration_id, configuration_title, configuration_key, configuration_value, configuration_description, configuration_group_id, sort_order, last_modified, date_added, use_function, set_function) values ('286', 'Enable Table Method', 'MODULE_SHIPPING_TABLE_STATUS', 'True', 'Do you want to offer table rate shipping?', '6', '0', NULL, '2012-09-24 07:01:48', NULL, 'tep_cfg_select_option(array(\'True\', \'False\'), ');
insert into configuration (configuration_id, configuration_title, configuration_key, configuration_value, configuration_description, configuration_group_id, sort_order, last_modified, date_added, use_function, set_function) values ('287', 'Shipping Table', 'MODULE_SHIPPING_TABLE_COST', '25:8.50,50:5.50,10000:0.00', 'The shipping cost is based on the total cost or weight of items. Example: 25:8.50,50:5.50,etc.. Up to 25 charge 8.50, from there to 50 charge 5.50, etc', '6', '0', NULL, '2012-09-24 07:01:48', NULL, NULL);
insert into configuration (configuration_id, configuration_title, configuration_key, configuration_value, configuration_description, configuration_group_id, sort_order, last_modified, date_added, use_function, set_function) values ('288', 'Table Method', 'MODULE_SHIPPING_TABLE_MODE', 'weight', 'The shipping cost is based on the order total or the total weight of the items ordered.', '6', '0', NULL, '2012-09-24 07:01:48', NULL, 'tep_cfg_select_option(array(\'weight\', \'price\'), ');
insert into configuration (configuration_id, configuration_title, configuration_key, configuration_value, configuration_description, configuration_group_id, sort_order, last_modified, date_added, use_function, set_function) values ('289', 'Handling Fee', 'MODULE_SHIPPING_TABLE_HANDLING', '0', 'Handling fee for this shipping method.', '6', '0', NULL, '2012-09-24 07:01:48', NULL, NULL);
insert into configuration (configuration_id, configuration_title, configuration_key, configuration_value, configuration_description, configuration_group_id, sort_order, last_modified, date_added, use_function, set_function) values ('290', 'Tax Class', 'MODULE_SHIPPING_TABLE_TAX_CLASS', '0', 'Use the following tax class on the shipping fee.', '6', '0', NULL, '2012-09-24 07:01:48', 'tep_get_tax_class_title', 'tep_cfg_pull_down_tax_classes(');
insert into configuration (configuration_id, configuration_title, configuration_key, configuration_value, configuration_description, configuration_group_id, sort_order, last_modified, date_added, use_function, set_function) values ('291', 'Shipping Zone', 'MODULE_SHIPPING_TABLE_ZONE', '0', 'If a zone is selected, only enable this shipping method for that zone.', '6', '0', NULL, '2012-09-24 07:01:48', 'tep_get_zone_class_title', 'tep_cfg_pull_down_zone_classes(');
insert into configuration (configuration_id, configuration_title, configuration_key, configuration_value, configuration_description, configuration_group_id, sort_order, last_modified, date_added, use_function, set_function) values ('292', 'Sort Order', 'MODULE_SHIPPING_TABLE_SORT_ORDER', '0', 'Sort order of display.', '6', '0', NULL, '2012-09-24 07:01:48', NULL, NULL);
insert into configuration (configuration_id, configuration_title, configuration_key, configuration_value, configuration_description, configuration_group_id, sort_order, last_modified, date_added, use_function, set_function) values ('293', 'Enable Zones Method', 'MODULE_SHIPPING_ZONES_STATUS', 'True', 'Do you want to offer zone rate shipping?', '6', '0', NULL, '2012-09-24 07:01:52', NULL, 'tep_cfg_select_option(array(\'True\', \'False\'), ');
insert into configuration (configuration_id, configuration_title, configuration_key, configuration_value, configuration_description, configuration_group_id, sort_order, last_modified, date_added, use_function, set_function) values ('294', 'Tax Class', 'MODULE_SHIPPING_ZONES_TAX_CLASS', '0', 'Use the following tax class on the shipping fee.', '6', '0', NULL, '2012-09-24 07:01:52', 'tep_get_tax_class_title', 'tep_cfg_pull_down_tax_classes(');
insert into configuration (configuration_id, configuration_title, configuration_key, configuration_value, configuration_description, configuration_group_id, sort_order, last_modified, date_added, use_function, set_function) values ('295', 'Sort Order', 'MODULE_SHIPPING_ZONES_SORT_ORDER', '0', 'Sort order of display.', '6', '0', NULL, '2012-09-24 07:01:52', NULL, NULL);
insert into configuration (configuration_id, configuration_title, configuration_key, configuration_value, configuration_description, configuration_group_id, sort_order, last_modified, date_added, use_function, set_function) values ('296', 'Zone 1 Countries', 'MODULE_SHIPPING_ZONES_COUNTRIES_1', 'US,CA', 'Comma separated list of two character ISO country codes that are part of Zone 1.', '6', '0', NULL, '2012-09-24 07:01:52', NULL, NULL);
insert into configuration (configuration_id, configuration_title, configuration_key, configuration_value, configuration_description, configuration_group_id, sort_order, last_modified, date_added, use_function, set_function) values ('297', 'Zone 1 Shipping Table', 'MODULE_SHIPPING_ZONES_COST_1', '3:8.50,7:10.50,99:20.00', 'Shipping rates to Zone 1 destinations based on a group of maximum order weights. Example: 3:8.50,7:10.50,... Weights less than or equal to 3 would cost 8.50 for Zone 1 destinations.', '6', '0', NULL, '2012-09-24 07:01:52', NULL, NULL);
insert into configuration (configuration_id, configuration_title, configuration_key, configuration_value, configuration_description, configuration_group_id, sort_order, last_modified, date_added, use_function, set_function) values ('298', 'Zone 1 Handling Fee', 'MODULE_SHIPPING_ZONES_HANDLING_1', '0', 'Handling Fee for this shipping zone', '6', '0', NULL, '2012-09-24 07:01:52', NULL, NULL);
insert into configuration (configuration_id, configuration_title, configuration_key, configuration_value, configuration_description, configuration_group_id, sort_order, last_modified, date_added, use_function, set_function) values ('332', 'Enable Products Cycle Slideshow Module', 'MODULE_BOXES_PRODUCT_CYCLE_SLIDESHOW_STATUS', 'True', 'Do you want to add the module to your shop?', '6', '1', NULL, '2012-10-08 08:29:31', NULL, 'tep_cfg_select_option(array(\'True\', \'False\'), ');
insert into configuration (configuration_id, configuration_title, configuration_key, configuration_value, configuration_description, configuration_group_id, sort_order, last_modified, date_added, use_function, set_function) values ('333', 'Content Placement', 'MODULE_BOXES_PRODUCT_CYCLE_SLIDESHOW_CONTENT_PLACEMENT', 'Left Column', 'Should the module be loaded in the left or right column?', '6', '1', NULL, '2012-10-08 08:29:31', NULL, 'tep_cfg_select_option(array(\'Left Column\', \'Right Column\'), ');
insert into configuration (configuration_id, configuration_title, configuration_key, configuration_value, configuration_description, configuration_group_id, sort_order, last_modified, date_added, use_function, set_function) values ('334', 'Sort Order', 'MODULE_BOXES_PRODUCT_CYCLE_SLIDESHOW_SORT_ORDER', '1010', 'Sort order of display. Lowest is displayed first.', '6', '0', NULL, '2012-10-08 08:29:31', NULL, NULL);
insert into configuration (configuration_id, configuration_title, configuration_key, configuration_value, configuration_description, configuration_group_id, sort_order, last_modified, date_added, use_function, set_function) values ('335', 'Items - Number of Featured Products', 'PCS_MAX_DISPLAY_FEATURED_PRODUCTS', '5', '<p>How many featured products should be in the slideshow?</p><p><b>Note:</b> This is the maximum value. If fewer products are found, the found ones will be used.</p>', '6', '10', NULL, '2012-10-08 08:29:31', NULL, NULL);
insert into configuration (configuration_id, configuration_title, configuration_key, configuration_value, configuration_description, configuration_group_id, sort_order, last_modified, date_added, use_function, set_function) values ('336', 'Items - Number of New Products', 'PCS_MAX_DISPLAY_NEW_PRODUCTS', '5', '<p>How many new products should be in the slideshow?</p><p><b>Note:</b> This is the maximum value. If fewer products are found, the found ones will be used.</p>', '6', '10', NULL, '2012-10-08 08:29:31', NULL, NULL);
insert into configuration (configuration_id, configuration_title, configuration_key, configuration_value, configuration_description, configuration_group_id, sort_order, last_modified, date_added, use_function, set_function) values ('337', 'Items - Number of Specials', 'PCS_MAX_DISPLAY_SPECIALS', '5', '<p>How many specials should be in the slideshow?</p><p><b>Note:</b> This is the maximum value. If fewer products are found, the found ones will be used.</p>', '6', '10', NULL, '2012-10-08 08:29:31', NULL, NULL);
insert into configuration (configuration_id, configuration_title, configuration_key, configuration_value, configuration_description, configuration_group_id, sort_order, last_modified, date_added, use_function, set_function) values ('338', 'Items - Number of Bestsellers', 'PCS_MAX_DISPLAY_BESTSELLERS', '0', '<p>How many bestsellers should be in the slideshow?</p><p><b>Note:</b> This is the maximum value. If fewer products are found, the found ones will be used.</p>', '6', '10', NULL, '2012-10-08 08:29:31', NULL, NULL);
insert into configuration (configuration_id, configuration_title, configuration_key, configuration_value, configuration_description, configuration_group_id, sort_order, last_modified, date_added, use_function, set_function) values ('339', 'FX - Transition FX', 'PCS_FX', 'scrollHorz', '<p>Which transition FX should be used?</p>', '6', '10', NULL, '2012-10-08 08:29:31', NULL, 'tep_cfg_select_option(array(\'blindX\', \'blindY\', \'blindZ\', \'cover\', \'curtainX\', \'curtainY\', \'fade\', \'fadeZoom\', \'growX\', \'growY\', \'scrollUp\', \'scrollDown\', \'scrollLeft\', \'scrollRight\', \'scrollHorz\', \'scrollVert\', \'shuffle\', \'slideX\', \'slideY\', \'toss\', \'turnUp\', \'turnDown\', \'turnLeft\', \'turnRight\', \'uncover\', \'wipe\', \'zoom\'), ');
insert into configuration (configuration_id, configuration_title, configuration_key, configuration_value, configuration_description, configuration_group_id, sort_order, last_modified, date_added, use_function, set_function) values ('340', 'FX - Easing', 'PCS_EASING', 'easeInQuad', '<p>Which easing style should be used?</p>', '6', '10', NULL, '2012-10-08 08:29:31', NULL, 'tep_cfg_select_option(array(\'None\',\'easeInQuad\', \'easeOutQuad\', \'easeInOutQuad\', \'easeInCubic\', \'easeOutCubic\', \'easeInOutCubic\', \'easeInQuart\', \'easeOutQuart\', \'easeInOutQuart\', \'easeInQuint\', \'easeOutQuint\', \'easeInOutQuint\', \'easeInSine\', \'easeOutSine\', \'easeInOutSine\', \'easeInExpo\', \'easeOutExpo\', \'easeInOutExpo\', \'easeInCirc\', \'easeOutCirc\', \'easeInOutCirc\', \'easeInElastic\', \'easeOutElastic\', \'easeInOutElastic\', \'easeInBack\', \'easeOutBack\', \'easeInOutBack\', \'easeInBounce\', \'easeOutBounce\', \'easeInOutBounce\'), ');
insert into configuration (configuration_id, configuration_title, configuration_key, configuration_value, configuration_description, configuration_group_id, sort_order, last_modified, date_added, use_function, set_function) values ('341', 'FX - Sync transitions?', 'PCS_SYNC', 'true', 'The sync option controls whether the slide transitions occur simultaneously. The default is true which means that the current slide transitions out as the next slide transitions in.', '6', '10', NULL, '2012-10-08 08:29:31', NULL, 'tep_cfg_select_option(array(\'true\', \'false\'), ');
insert into configuration (configuration_id, configuration_title, configuration_key, configuration_value, configuration_description, configuration_group_id, sort_order, last_modified, date_added, use_function, set_function) values ('342', 'FX - Transition Speed', 'PCS_SPEED', '2000', '<p>The duration of the transition in milliseconds</p>', '6', '10', NULL, '2012-10-08 08:29:31', NULL, NULL);
insert into configuration (configuration_id, configuration_title, configuration_key, configuration_value, configuration_description, configuration_group_id, sort_order, last_modified, date_added, use_function, set_function) values ('343', 'FX - Timeout', 'PCS_TIMEOUT', '8000', '<p>The time in milliseconds between transitions</p>', '6', '10', NULL, '2012-10-08 08:29:31', NULL, NULL);
insert into configuration (configuration_id, configuration_title, configuration_key, configuration_value, configuration_description, configuration_group_id, sort_order, last_modified, date_added, use_function, set_function) values ('344', 'General - Pause onMouseOver?', 'PCS_PAUSE', 'true', '<p>Pause the slideshow on mouse over?</p>', '6', '10', NULL, '2012-10-08 08:29:31', NULL, 'tep_cfg_select_option(array(\'true\', \'false\'), ');
insert into configuration (configuration_id, configuration_title, configuration_key, configuration_value, configuration_description, configuration_group_id, sort_order, last_modified, date_added, use_function, set_function) values ('345', 'General - Display randomly?', 'PCS_RANDOM', 'true', '<p>Display the items in random order?</p>', '6', '10', NULL, '2012-10-08 08:29:31', NULL, 'tep_cfg_select_option(array(\'true\', \'false\'), ');
insert into configuration (configuration_id, configuration_title, configuration_key, configuration_value, configuration_description, configuration_group_id, sort_order, last_modified, date_added, use_function, set_function) values ('346', 'General - Image Quality', 'PCS_IMAGE_QUALITY', '100', '<p>Which quality should the images in the slideshow have? (1-100)</p>', '6', '10', NULL, '2012-10-08 08:29:31', NULL, NULL);
insert into configuration (configuration_id, configuration_title, configuration_key, configuration_value, configuration_description, configuration_group_id, sort_order, last_modified, date_added, use_function, set_function) values ('372', 'Display Featured Products', 'FEATURED_PRODUCTS_DISPLAY', 'true', 'Set to true or false in order to display featured.', '18', '1', '2012-10-09 09:07:52', '2012-10-09 07:09:42', NULL, 'tep_cfg_select_option(array(\'true\', \'false\'),');
insert into configuration (configuration_id, configuration_title, configuration_key, configuration_value, configuration_description, configuration_group_id, sort_order, last_modified, date_added, use_function, set_function) values ('373', 'Maximum Display of Featured', 'MAX_DISPLAY_FEATURED_PRODUCTS', '6', 'This is the maximum amount of items to display on the front page.', '18', '2', '2012-10-09 09:20:52', '2012-10-09 07:09:42', NULL, NULL);
insert into configuration (configuration_id, configuration_title, configuration_key, configuration_value, configuration_description, configuration_group_id, sort_order, last_modified, date_added, use_function, set_function) values ('374', 'Include Sub Categories When Displaying Featured Products', 'FEATURED_PRODUCTS_SUB_CATEGORIES', 'true', 'Set to true or false in order to display featured including sub categories.', '18', '3', '2012-10-09 07:11:54', '2012-10-09 07:09:42', NULL, 'tep_cfg_select_option(array(\'true\', \'false\'),');
insert into configuration (configuration_id, configuration_title, configuration_key, configuration_value, configuration_description, configuration_group_id, sort_order, last_modified, date_added, use_function, set_function) values ('375', 'Specials Only When Displaying Featured Products', 'FEATURED_PRODUCTS_SPECIALS_ONLY', 'false', 'Set to true or false in order to display only on special featured products.', '18', '4', '2012-10-09 10:26:26', '2012-10-09 07:09:42', NULL, 'tep_cfg_select_option(array(\'true\', \'false\'),');
insert into configuration (configuration_id, configuration_title, configuration_key, configuration_value, configuration_description, configuration_group_id, sort_order, last_modified, date_added, use_function, set_function) values ('376', 'Enable Featured Module', 'MODULE_BOXES_FEATURED_STATUS', 'True', 'Do you want to add the module to your shop?', '6', '1', NULL, '2012-10-09 07:16:17', NULL, 'tep_cfg_select_option(array(\'True\', \'False\'), ');
insert into configuration (configuration_id, configuration_title, configuration_key, configuration_value, configuration_description, configuration_group_id, sort_order, last_modified, date_added, use_function, set_function) values ('377', 'Content Placement', 'MODULE_BOXES_FEATURED_CONTENT_PLACEMENT', 'Left Column', 'Should the module be loaded in the left or right column?', '6', '1', NULL, '2012-10-09 07:16:17', NULL, 'tep_cfg_select_option(array(\'Left Column\', \'Right Column\'), ');
insert into configuration (configuration_id, configuration_title, configuration_key, configuration_value, configuration_description, configuration_group_id, sort_order, last_modified, date_added, use_function, set_function) values ('378', 'Sort Order', 'MODULE_BOXES_FEATURED_SORT_ORDER', '6800', 'Sort order of display. Lowest is displayed first.', '6', '0', NULL, '2012-10-09 07:16:17', NULL, NULL);
insert into configuration (configuration_id, configuration_title, configuration_key, configuration_value, configuration_description, configuration_group_id, sort_order, last_modified, date_added, use_function, set_function) values ('379', 'Enable Authorize.net Credit Card AIM', 'MODULE_PAYMENT_AUTHORIZENET_CC_AIM_STATUS', 'True', 'Do you want to accept Authorize.net Credit Card AIM payments?', '6', '0', NULL, '2012-10-13 07:17:04', NULL, 'tep_cfg_select_option(array(\'True\', \'False\'), ');
insert into configuration (configuration_id, configuration_title, configuration_key, configuration_value, configuration_description, configuration_group_id, sort_order, last_modified, date_added, use_function, set_function) values ('380', 'Login ID', 'MODULE_PAYMENT_AUTHORIZENET_CC_AIM_LOGIN_ID', '', 'The login ID used for the Authorize.net service', '6', '0', NULL, '2012-10-13 07:17:04', NULL, NULL);
insert into configuration (configuration_id, configuration_title, configuration_key, configuration_value, configuration_description, configuration_group_id, sort_order, last_modified, date_added, use_function, set_function) values ('381', 'Transaction Key', 'MODULE_PAYMENT_AUTHORIZENET_CC_AIM_TRANSACTION_KEY', '', 'Transaction key used for encrypting data', '6', '0', NULL, '2012-10-13 07:17:04', NULL, NULL);
insert into configuration (configuration_id, configuration_title, configuration_key, configuration_value, configuration_description, configuration_group_id, sort_order, last_modified, date_added, use_function, set_function) values ('382', 'MD5 Hash', 'MODULE_PAYMENT_AUTHORIZENET_CC_AIM_MD5_HASH', '', 'The MD5 hash value to verify transactions with', '6', '0', NULL, '2012-10-13 07:17:04', NULL, NULL);
insert into configuration (configuration_id, configuration_title, configuration_key, configuration_value, configuration_description, configuration_group_id, sort_order, last_modified, date_added, use_function, set_function) values ('383', 'Transaction Server', 'MODULE_PAYMENT_AUTHORIZENET_CC_AIM_TRANSACTION_SERVER', 'Live', 'Perform transactions on the live or test server. The test server should only be used by developers with Authorize.net test accounts.', '6', '0', NULL, '2012-10-13 07:17:04', NULL, 'tep_cfg_select_option(array(\'Live\', \'Test\'), ');
insert into configuration (configuration_id, configuration_title, configuration_key, configuration_value, configuration_description, configuration_group_id, sort_order, last_modified, date_added, use_function, set_function) values ('384', 'Transaction Mode', 'MODULE_PAYMENT_AUTHORIZENET_CC_AIM_TRANSACTION_MODE', 'Live', 'Transaction mode used for processing orders', '6', '0', NULL, '2012-10-13 07:17:04', NULL, 'tep_cfg_select_option(array(\'Live\', \'Test\'), ');
insert into configuration (configuration_id, configuration_title, configuration_key, configuration_value, configuration_description, configuration_group_id, sort_order, last_modified, date_added, use_function, set_function) values ('385', 'Transaction Method', 'MODULE_PAYMENT_AUTHORIZENET_CC_AIM_TRANSACTION_METHOD', 'Authorization', 'The processing method to use for each transaction.', '6', '0', NULL, '2012-10-13 07:17:04', NULL, 'tep_cfg_select_option(array(\'Authorization\', \'Capture\'), ');
insert into configuration (configuration_id, configuration_title, configuration_key, configuration_value, configuration_description, configuration_group_id, sort_order, last_modified, date_added, use_function, set_function) values ('386', 'Sort order of display.', 'MODULE_PAYMENT_AUTHORIZENET_CC_AIM_SORT_ORDER', '0', 'Sort order of display. Lowest is displayed first.', '6', '0', NULL, '2012-10-13 07:17:04', NULL, NULL);
insert into configuration (configuration_id, configuration_title, configuration_key, configuration_value, configuration_description, configuration_group_id, sort_order, last_modified, date_added, use_function, set_function) values ('387', 'Payment Zone', 'MODULE_PAYMENT_AUTHORIZENET_CC_AIM_ZONE', '0', 'If a zone is selected, only enable this payment method for that zone.', '6', '2', NULL, '2012-10-13 07:17:04', 'tep_get_zone_class_title', 'tep_cfg_pull_down_zone_classes(');
insert into configuration (configuration_id, configuration_title, configuration_key, configuration_value, configuration_description, configuration_group_id, sort_order, last_modified, date_added, use_function, set_function) values ('388', 'Set Order Status', 'MODULE_PAYMENT_AUTHORIZENET_CC_AIM_ORDER_STATUS_ID', '0', 'Set the status of orders made with this payment module to this value', '6', '0', NULL, '2012-10-13 07:17:04', 'tep_get_order_status_name', 'tep_cfg_pull_down_order_statuses(');
insert into configuration (configuration_id, configuration_title, configuration_key, configuration_value, configuration_description, configuration_group_id, sort_order, last_modified, date_added, use_function, set_function) values ('389', 'cURL Program Location', 'MODULE_PAYMENT_AUTHORIZENET_CC_AIM_CURL', '/usr/bin/curl', 'The location to the cURL program application.', '6', '0', NULL, '2012-10-13 07:17:04', NULL, NULL);
insert into configuration (configuration_id, configuration_title, configuration_key, configuration_value, configuration_description, configuration_group_id, sort_order, last_modified, date_added, use_function, set_function) values ('390', 'Enable Authorize.net Credit Card SIM', 'MODULE_PAYMENT_AUTHORIZENET_CC_SIM_STATUS', 'True', 'Do you want to accept Authorize.net Credit Card SIM payments?', '6', '0', NULL, '2012-10-13 07:18:31', NULL, 'tep_cfg_select_option(array(\'True\', \'False\'), ');
insert into configuration (configuration_id, configuration_title, configuration_key, configuration_value, configuration_description, configuration_group_id, sort_order, last_modified, date_added, use_function, set_function) values ('391', 'Login ID', 'MODULE_PAYMENT_AUTHORIZENET_CC_SIM_LOGIN_ID', '', 'The login ID used for the Authorize.net service', '6', '0', NULL, '2012-10-13 07:18:31', NULL, NULL);
insert into configuration (configuration_id, configuration_title, configuration_key, configuration_value, configuration_description, configuration_group_id, sort_order, last_modified, date_added, use_function, set_function) values ('392', 'Transaction Key', 'MODULE_PAYMENT_AUTHORIZENET_CC_SIM_TRANSACTION_KEY', '', 'Transaction key used for encrypting data', '6', '0', NULL, '2012-10-13 07:18:31', NULL, NULL);
insert into configuration (configuration_id, configuration_title, configuration_key, configuration_value, configuration_description, configuration_group_id, sort_order, last_modified, date_added, use_function, set_function) values ('393', 'MD5 Hash', 'MODULE_PAYMENT_AUTHORIZENET_CC_SIM_MD5_HASH', '', 'The MD5 hash value to verify transactions with', '6', '0', NULL, '2012-10-13 07:18:31', NULL, NULL);
insert into configuration (configuration_id, configuration_title, configuration_key, configuration_value, configuration_description, configuration_group_id, sort_order, last_modified, date_added, use_function, set_function) values ('394', 'Transaction Server', 'MODULE_PAYMENT_AUTHORIZENET_CC_SIM_TRANSACTION_SERVER', 'Live', 'Perform transactions on the live or test server. The test server should only be used by developers with Authorize.net test accounts.', '6', '0', NULL, '2012-10-13 07:18:31', NULL, 'tep_cfg_select_option(array(\'Live\', \'Test\'), ');
insert into configuration (configuration_id, configuration_title, configuration_key, configuration_value, configuration_description, configuration_group_id, sort_order, last_modified, date_added, use_function, set_function) values ('395', 'Transaction Mode', 'MODULE_PAYMENT_AUTHORIZENET_CC_SIM_TRANSACTION_MODE', 'Live', 'Transaction mode used for processing orders', '6', '0', NULL, '2012-10-13 07:18:31', NULL, 'tep_cfg_select_option(array(\'Live\', \'Test\'), ');
insert into configuration (configuration_id, configuration_title, configuration_key, configuration_value, configuration_description, configuration_group_id, sort_order, last_modified, date_added, use_function, set_function) values ('396', 'Transaction Method', 'MODULE_PAYMENT_AUTHORIZENET_CC_SIM_TRANSACTION_METHOD', 'Authorization', 'The processing method to use for each transaction.', '6', '0', NULL, '2012-10-13 07:18:31', NULL, 'tep_cfg_select_option(array(\'Authorization\', \'Capture\'), ');
insert into configuration (configuration_id, configuration_title, configuration_key, configuration_value, configuration_description, configuration_group_id, sort_order, last_modified, date_added, use_function, set_function) values ('397', 'Sort order of display.', 'MODULE_PAYMENT_AUTHORIZENET_CC_SIM_SORT_ORDER', '0', 'Sort order of display. Lowest is displayed first.', '6', '0', NULL, '2012-10-13 07:18:31', NULL, NULL);
insert into configuration (configuration_id, configuration_title, configuration_key, configuration_value, configuration_description, configuration_group_id, sort_order, last_modified, date_added, use_function, set_function) values ('398', 'Payment Zone', 'MODULE_PAYMENT_AUTHORIZENET_CC_SIM_ZONE', '0', 'If a zone is selected, only enable this payment method for that zone.', '6', '2', NULL, '2012-10-13 07:18:31', 'tep_get_zone_class_title', 'tep_cfg_pull_down_zone_classes(');
insert into configuration (configuration_id, configuration_title, configuration_key, configuration_value, configuration_description, configuration_group_id, sort_order, last_modified, date_added, use_function, set_function) values ('399', 'Set Order Status', 'MODULE_PAYMENT_AUTHORIZENET_CC_SIM_ORDER_STATUS_ID', '0', 'Set the status of orders made with this payment module to this value', '6', '0', NULL, '2012-10-13 07:18:31', 'tep_get_order_status_name', 'tep_cfg_pull_down_order_statuses(');
insert into configuration (configuration_id, configuration_title, configuration_key, configuration_value, configuration_description, configuration_group_id, sort_order, last_modified, date_added, use_function, set_function) values ('400', 'Enable ChronoPay', 'MODULE_PAYMENT_CHRONOPAY_STATUS', 'True', 'Do you want to accept ChronoPay payments?', '6', '3', NULL, '2012-10-13 07:19:10', NULL, 'tep_cfg_select_option(array(\'True\', \'False\'), ');
insert into configuration (configuration_id, configuration_title, configuration_key, configuration_value, configuration_description, configuration_group_id, sort_order, last_modified, date_added, use_function, set_function) values ('401', 'ChronoPay Product ID', 'MODULE_PAYMENT_CHRONOPAY_PRODUCT_ID', '', 'The product ID to assign transactions to.', '6', '4', NULL, '2012-10-13 07:19:10', NULL, NULL);
insert into configuration (configuration_id, configuration_title, configuration_key, configuration_value, configuration_description, configuration_group_id, sort_order, last_modified, date_added, use_function, set_function) values ('402', 'MD5 Hash Signature', 'MODULE_PAYMENT_CHRONOPAY_MD5_HASH', '', 'Use this value to verify transactions with.', '6', '4', NULL, '2012-10-13 07:19:10', NULL, NULL);
insert into configuration (configuration_id, configuration_title, configuration_key, configuration_value, configuration_description, configuration_group_id, sort_order, last_modified, date_added, use_function, set_function) values ('403', 'Payment Zone', 'MODULE_PAYMENT_CHRONOPAY_ZONE', '0', 'If a zone is selected, only enable this payment method for that zone.', '6', '2', NULL, '2012-10-13 07:19:10', 'tep_get_zone_class_title', 'tep_cfg_pull_down_zone_classes(');
insert into configuration (configuration_id, configuration_title, configuration_key, configuration_value, configuration_description, configuration_group_id, sort_order, last_modified, date_added, use_function, set_function) values ('404', 'Set Preparing Order Status', 'MODULE_PAYMENT_CHRONOPAY_PREPARE_ORDER_STATUS_ID', '5', 'Set the status of prepared orders made with this payment module to this value', '6', '0', NULL, '2012-10-13 07:19:10', 'tep_get_order_status_name', 'tep_cfg_pull_down_order_statuses(');
insert into configuration (configuration_id, configuration_title, configuration_key, configuration_value, configuration_description, configuration_group_id, sort_order, last_modified, date_added, use_function, set_function) values ('405', 'Set ChronoPay Acknowledged Order Status', 'MODULE_PAYMENT_CHRONOPAY_ORDER_STATUS_ID', '0', 'Set the status of orders made with this payment module to this value', '6', '0', NULL, '2012-10-13 07:19:10', 'tep_get_order_status_name', 'tep_cfg_pull_down_order_statuses(');
insert into configuration (configuration_id, configuration_title, configuration_key, configuration_value, configuration_description, configuration_group_id, sort_order, last_modified, date_added, use_function, set_function) values ('406', 'Sort order of display.', 'MODULE_PAYMENT_CHRONOPAY_SORT_ORDER', '0', 'Sort order of display. Lowest is displayed first.', '6', '0', NULL, '2012-10-13 07:19:10', NULL, NULL);
insert into configuration (configuration_id, configuration_title, configuration_key, configuration_value, configuration_description, configuration_group_id, sort_order, last_modified, date_added, use_function, set_function) values ('419', 'Enable iPayment', 'MODULE_PAYMENT_IPAYMENT_CC_STATUS', 'True', 'Do you want to accept iPayment payments?', '6', '1', NULL, '2012-10-13 07:21:31', NULL, 'tep_cfg_select_option(array(\'True\', \'False\'), ');
insert into configuration (configuration_id, configuration_title, configuration_key, configuration_value, configuration_description, configuration_group_id, sort_order, last_modified, date_added, use_function, set_function) values ('420', 'Account Number', 'MODULE_PAYMENT_IPAYMENT_CC_ID', '99999', 'The account number used for the iPayment service', '6', '2', NULL, '2012-10-13 07:21:31', NULL, NULL);
insert into configuration (configuration_id, configuration_title, configuration_key, configuration_value, configuration_description, configuration_group_id, sort_order, last_modified, date_added, use_function, set_function) values ('421', 'User ID', 'MODULE_PAYMENT_IPAYMENT_CC_USER_ID', '99998', 'The user ID for the iPayment service', '6', '3', NULL, '2012-10-13 07:21:31', NULL, NULL);
insert into configuration (configuration_id, configuration_title, configuration_key, configuration_value, configuration_description, configuration_group_id, sort_order, last_modified, date_added, use_function, set_function) values ('422', 'User Password', 'MODULE_PAYMENT_IPAYMENT_CC_PASSWORD', '0', 'The user password for the iPayment service', '6', '4', NULL, '2012-10-13 07:21:31', NULL, NULL);
insert into configuration (configuration_id, configuration_title, configuration_key, configuration_value, configuration_description, configuration_group_id, sort_order, last_modified, date_added, use_function, set_function) values ('423', 'Transaction Method', 'MODULE_PAYMENT_IPAYMENT_CC_TRANSACTION_METHOD', 'Authorization', 'The processing method to use for each transaction.', '6', '0', NULL, '2012-10-13 07:21:31', NULL, 'tep_cfg_select_option(array(\'Authorization\', \'Capture\'), ');
insert into configuration (configuration_id, configuration_title, configuration_key, configuration_value, configuration_description, configuration_group_id, sort_order, last_modified, date_added, use_function, set_function) values ('424', 'Secret Hash Password', 'MODULE_PAYMENT_IPAYMENT_CC_SECRET_HASH_PASSWORD', 'testtest', 'The secret hash password to validate transactions with', '6', '4', NULL, '2012-10-13 07:21:31', NULL, NULL);
insert into configuration (configuration_id, configuration_title, configuration_key, configuration_value, configuration_description, configuration_group_id, sort_order, last_modified, date_added, use_function, set_function) values ('425', 'Transaction Notification (E-Mail)', 'MODULE_PAYMENT_IPAYMENT_CC_DEBUG_EMAIL', '', 'An e-mail address to send transaction notifications to.', '6', '0', NULL, '2012-10-13 07:21:31', NULL, NULL);
insert into configuration (configuration_id, configuration_title, configuration_key, configuration_value, configuration_description, configuration_group_id, sort_order, last_modified, date_added, use_function, set_function) values ('426', 'Sort order of display.', 'MODULE_PAYMENT_IPAYMENT_CC_SORT_ORDER', '0', 'Sort order of display. Lowest is displayed first.', '6', '0', NULL, '2012-10-13 07:21:31', NULL, NULL);
insert into configuration (configuration_id, configuration_title, configuration_key, configuration_value, configuration_description, configuration_group_id, sort_order, last_modified, date_added, use_function, set_function) values ('427', 'Payment Zone', 'MODULE_PAYMENT_IPAYMENT_CC_ZONE', '0', 'If a zone is selected, only enable this payment method for that zone.', '6', '2', NULL, '2012-10-13 07:21:31', 'tep_get_zone_class_title', 'tep_cfg_pull_down_zone_classes(');
insert into configuration (configuration_id, configuration_title, configuration_key, configuration_value, configuration_description, configuration_group_id, sort_order, last_modified, date_added, use_function, set_function) values ('428', 'Set Order Status', 'MODULE_PAYMENT_IPAYMENT_CC_ORDER_STATUS_ID', '0', 'Set the status of orders made with this payment module to this value', '6', '0', NULL, '2012-10-13 07:21:31', 'tep_get_order_status_name', 'tep_cfg_pull_down_order_statuses(');
insert into configuration (configuration_id, configuration_title, configuration_key, configuration_value, configuration_description, configuration_group_id, sort_order, last_modified, date_added, use_function, set_function) values ('429', 'Enable iPayment (ELV)', 'MODULE_PAYMENT_IPAYMENT_ELV_STATUS', 'True', 'Do you want to accept iPayment (ELV) payments?', '6', '1', NULL, '2012-10-13 07:23:09', NULL, 'tep_cfg_select_option(array(\'True\', \'False\'), ');
insert into configuration (configuration_id, configuration_title, configuration_key, configuration_value, configuration_description, configuration_group_id, sort_order, last_modified, date_added, use_function, set_function) values ('430', 'Account Number', 'MODULE_PAYMENT_IPAYMENT_ELV_ID', '99999', 'The account number used for the iPayment service', '6', '2', NULL, '2012-10-13 07:23:09', NULL, NULL);
insert into configuration (configuration_id, configuration_title, configuration_key, configuration_value, configuration_description, configuration_group_id, sort_order, last_modified, date_added, use_function, set_function) values ('431', 'User ID', 'MODULE_PAYMENT_IPAYMENT_ELV_USER_ID', '99998', 'The user ID for the iPayment service', '6', '3', NULL, '2012-10-13 07:23:09', NULL, NULL);
insert into configuration (configuration_id, configuration_title, configuration_key, configuration_value, configuration_description, configuration_group_id, sort_order, last_modified, date_added, use_function, set_function) values ('432', 'User Password', 'MODULE_PAYMENT_IPAYMENT_ELV_PASSWORD', '0', 'The user password for the iPayment service', '6', '4', NULL, '2012-10-13 07:23:09', NULL, NULL);
insert into configuration (configuration_id, configuration_title, configuration_key, configuration_value, configuration_description, configuration_group_id, sort_order, last_modified, date_added, use_function, set_function) values ('433', 'Transaction Method', 'MODULE_PAYMENT_IPAYMENT_ELV_TRANSACTION_METHOD', 'Authorization', 'The processing method to use for each transaction.', '6', '0', NULL, '2012-10-13 07:23:09', NULL, 'tep_cfg_select_option(array(\'Authorization\', \'Capture\'), ');
insert into configuration (configuration_id, configuration_title, configuration_key, configuration_value, configuration_description, configuration_group_id, sort_order, last_modified, date_added, use_function, set_function) values ('434', 'Secret Hash Password', 'MODULE_PAYMENT_IPAYMENT_ELV_SECRET_HASH_PASSWORD', 'testtest', 'The secret hash password to validate transactions with', '6', '4', NULL, '2012-10-13 07:23:10', NULL, NULL);
insert into configuration (configuration_id, configuration_title, configuration_key, configuration_value, configuration_description, configuration_group_id, sort_order, last_modified, date_added, use_function, set_function) values ('435', 'Transaction Notification (E-Mail)', 'MODULE_PAYMENT_IPAYMENT_ELV_DEBUG_EMAIL', '', 'An e-mail address to send transaction notifications to.', '6', '0', NULL, '2012-10-13 07:23:10', NULL, NULL);
insert into configuration (configuration_id, configuration_title, configuration_key, configuration_value, configuration_description, configuration_group_id, sort_order, last_modified, date_added, use_function, set_function) values ('436', 'Sort order of display.', 'MODULE_PAYMENT_IPAYMENT_ELV_SORT_ORDER', '0', 'Sort order of display. Lowest is displayed first.', '6', '0', NULL, '2012-10-13 07:23:10', NULL, NULL);
insert into configuration (configuration_id, configuration_title, configuration_key, configuration_value, configuration_description, configuration_group_id, sort_order, last_modified, date_added, use_function, set_function) values ('437', 'Payment Zone', 'MODULE_PAYMENT_IPAYMENT_ELV_ZONE', '0', 'If a zone is selected, only enable this payment method for that zone.', '6', '2', NULL, '2012-10-13 07:23:10', 'tep_get_zone_class_title', 'tep_cfg_pull_down_zone_classes(');
insert into configuration (configuration_id, configuration_title, configuration_key, configuration_value, configuration_description, configuration_group_id, sort_order, last_modified, date_added, use_function, set_function) values ('438', 'Set Order Status', 'MODULE_PAYMENT_IPAYMENT_ELV_ORDER_STATUS_ID', '0', 'Set the status of orders made with this payment module to this value', '6', '0', NULL, '2012-10-13 07:23:10', 'tep_get_order_status_name', 'tep_cfg_pull_down_order_statuses(');
insert into configuration (configuration_id, configuration_title, configuration_key, configuration_value, configuration_description, configuration_group_id, sort_order, last_modified, date_added, use_function, set_function) values ('439', 'Enable iPayment (Prepaid)', 'MODULE_PAYMENT_IPAYMENT_PP_STATUS', 'True', 'Do you want to accept iPayment (Prepaid) payments?', '6', '1', NULL, '2012-10-13 07:26:36', NULL, 'tep_cfg_select_option(array(\'True\', \'False\'), ');
insert into configuration (configuration_id, configuration_title, configuration_key, configuration_value, configuration_description, configuration_group_id, sort_order, last_modified, date_added, use_function, set_function) values ('440', 'Account Number', 'MODULE_PAYMENT_IPAYMENT_PP_ID', '999997', 'The account number used for the iPayment service', '6', '2', NULL, '2012-10-13 07:26:36', NULL, NULL);
insert into configuration (configuration_id, configuration_title, configuration_key, configuration_value, configuration_description, configuration_group_id, sort_order, last_modified, date_added, use_function, set_function) values ('441', 'User ID', 'MODULE_PAYMENT_IPAYMENT_PP_USER_ID', '999997', 'The user ID for the iPayment service', '6', '3', NULL, '2012-10-13 07:26:36', NULL, NULL);
insert into configuration (configuration_id, configuration_title, configuration_key, configuration_value, configuration_description, configuration_group_id, sort_order, last_modified, date_added, use_function, set_function) values ('442', 'User Password', 'MODULE_PAYMENT_IPAYMENT_PP_PASSWORD', '999997', 'The user password for the iPayment service', '6', '4', NULL, '2012-10-13 07:26:36', NULL, NULL);
insert into configuration (configuration_id, configuration_title, configuration_key, configuration_value, configuration_description, configuration_group_id, sort_order, last_modified, date_added, use_function, set_function) values ('443', 'Transaction Method', 'MODULE_PAYMENT_IPAYMENT_PP_TRANSACTION_METHOD', 'Authorization', 'The processing method to use for each transaction.', '6', '0', NULL, '2012-10-13 07:26:36', NULL, 'tep_cfg_select_option(array(\'Authorization\', \'Capture\'), ');
insert into configuration (configuration_id, configuration_title, configuration_key, configuration_value, configuration_description, configuration_group_id, sort_order, last_modified, date_added, use_function, set_function) values ('444', 'Secret Hash Password', 'MODULE_PAYMENT_IPAYMENT_PP_SECRET_HASH_PASSWORD', '', 'The secret hash password to validate transactions with', '6', '4', NULL, '2012-10-13 07:26:36', NULL, NULL);
insert into configuration (configuration_id, configuration_title, configuration_key, configuration_value, configuration_description, configuration_group_id, sort_order, last_modified, date_added, use_function, set_function) values ('445', 'Transaction Notification (E-Mail)', 'MODULE_PAYMENT_IPAYMENT_PP_DEBUG_EMAIL', '', 'An e-mail address to send transaction notifications to.', '6', '0', NULL, '2012-10-13 07:26:36', NULL, NULL);
insert into configuration (configuration_id, configuration_title, configuration_key, configuration_value, configuration_description, configuration_group_id, sort_order, last_modified, date_added, use_function, set_function) values ('446', 'Sort order of display.', 'MODULE_PAYMENT_IPAYMENT_PP_SORT_ORDER', '0', 'Sort order of display. Lowest is displayed first.', '6', '0', NULL, '2012-10-13 07:26:36', NULL, NULL);
insert into configuration (configuration_id, configuration_title, configuration_key, configuration_value, configuration_description, configuration_group_id, sort_order, last_modified, date_added, use_function, set_function) values ('447', 'Payment Zone', 'MODULE_PAYMENT_IPAYMENT_PP_ZONE', '0', 'If a zone is selected, only enable this payment method for that zone.', '6', '2', NULL, '2012-10-13 07:26:36', 'tep_get_zone_class_title', 'tep_cfg_pull_down_zone_classes(');
insert into configuration (configuration_id, configuration_title, configuration_key, configuration_value, configuration_description, configuration_group_id, sort_order, last_modified, date_added, use_function, set_function) values ('448', 'Set Order Status', 'MODULE_PAYMENT_IPAYMENT_PP_ORDER_STATUS_ID', '0', 'Set the status of orders made with this payment module to this value', '6', '0', NULL, '2012-10-13 07:26:36', 'tep_get_order_status_name', 'tep_cfg_pull_down_order_statuses(');
insert into configuration (configuration_id, configuration_title, configuration_key, configuration_value, configuration_description, configuration_group_id, sort_order, last_modified, date_added, use_function, set_function) values ('449', 'Enable NOCHEX Module', 'MODULE_PAYMENT_NOCHEX_STATUS', 'True', 'Do you want to accept NOCHEX payments?', '6', '3', NULL, '2012-10-13 07:27:26', NULL, 'tep_cfg_select_option(array(\'True\', \'False\'), ');
insert into configuration (configuration_id, configuration_title, configuration_key, configuration_value, configuration_description, configuration_group_id, sort_order, last_modified, date_added, use_function, set_function) values ('450', 'E-Mail Address', 'MODULE_PAYMENT_NOCHEX_ID', 'you@yourbuisness.com', 'The e-mail address to use for the NOCHEX service', '6', '4', NULL, '2012-10-13 07:27:26', NULL, NULL);
insert into configuration (configuration_id, configuration_title, configuration_key, configuration_value, configuration_description, configuration_group_id, sort_order, last_modified, date_added, use_function, set_function) values ('451', 'Sort order of display.', 'MODULE_PAYMENT_NOCHEX_SORT_ORDER', '0', 'Sort order of display. Lowest is displayed first.', '6', '0', NULL, '2012-10-13 07:27:26', NULL, NULL);
insert into configuration (configuration_id, configuration_title, configuration_key, configuration_value, configuration_description, configuration_group_id, sort_order, last_modified, date_added, use_function, set_function) values ('452', 'Payment Zone', 'MODULE_PAYMENT_NOCHEX_ZONE', '0', 'If a zone is selected, only enable this payment method for that zone.', '6', '2', NULL, '2012-10-13 07:27:26', 'tep_get_zone_class_title', 'tep_cfg_pull_down_zone_classes(');
insert into configuration (configuration_id, configuration_title, configuration_key, configuration_value, configuration_description, configuration_group_id, sort_order, last_modified, date_added, use_function, set_function) values ('453', 'Set Order Status', 'MODULE_PAYMENT_NOCHEX_ORDER_STATUS_ID', '0', 'Set the status of orders made with this payment module to this value', '6', '0', NULL, '2012-10-13 07:27:26', 'tep_get_order_status_name', 'tep_cfg_pull_down_order_statuses(');
insert into configuration (configuration_id, configuration_title, configuration_key, configuration_value, configuration_description, configuration_group_id, sort_order, last_modified, date_added, use_function, set_function) values ('454', 'Enable PayPal Direct', 'MODULE_PAYMENT_PAYPAL_PRO_DP_STATUS', 'True', 'Do you want to accept PayPal Direct payments?', '6', '1', NULL, '2012-10-13 07:28:08', NULL, 'tep_cfg_select_option(array(\'True\', \'False\'), ');
insert into configuration (configuration_id, configuration_title, configuration_key, configuration_value, configuration_description, configuration_group_id, sort_order, last_modified, date_added, use_function, set_function) values ('455', 'API Username', 'MODULE_PAYMENT_PAYPAL_PRO_DP_API_USERNAME', '', 'The username to use for the PayPal API service.', '6', '0', NULL, '2012-10-13 07:28:08', NULL, NULL);
insert into configuration (configuration_id, configuration_title, configuration_key, configuration_value, configuration_description, configuration_group_id, sort_order, last_modified, date_added, use_function, set_function) values ('456', 'API Password', 'MODULE_PAYMENT_PAYPAL_PRO_DP_API_PASSWORD', '', 'The password to use for the PayPal API service.', '6', '0', NULL, '2012-10-13 07:28:08', NULL, NULL);
insert into configuration (configuration_id, configuration_title, configuration_key, configuration_value, configuration_description, configuration_group_id, sort_order, last_modified, date_added, use_function, set_function) values ('457', 'API Signature', 'MODULE_PAYMENT_PAYPAL_PRO_DP_API_SIGNATURE', '', 'The signature to use for the PayPal API service.', '6', '0', NULL, '2012-10-13 07:28:08', NULL, NULL);
insert into configuration (configuration_id, configuration_title, configuration_key, configuration_value, configuration_description, configuration_group_id, sort_order, last_modified, date_added, use_function, set_function) values ('458', 'Transaction Server', 'MODULE_PAYMENT_PAYPAL_PRO_DP_TRANSACTION_SERVER', 'Live', 'Use the live or testing (sandbox) gateway server to process transactions?', '6', '0', NULL, '2012-10-13 07:28:08', NULL, 'tep_cfg_select_option(array(\'Live\', \'Sandbox\'), ');
insert into configuration (configuration_id, configuration_title, configuration_key, configuration_value, configuration_description, configuration_group_id, sort_order, last_modified, date_added, use_function, set_function) values ('459', 'Transaction Method', 'MODULE_PAYMENT_PAYPAL_PRO_DP_TRANSACTION_METHOD', 'Sale', 'The processing method to use for each transaction.', '6', '0', NULL, '2012-10-13 07:28:08', NULL, 'tep_cfg_select_option(array(\'Authorization\', \'Sale\'), ');
insert into configuration (configuration_id, configuration_title, configuration_key, configuration_value, configuration_description, configuration_group_id, sort_order, last_modified, date_added, use_function, set_function) values ('460', 'Card Acceptance Page', 'MODULE_PAYMENT_PAYPAL_PRO_DP_CARD_INPUT_PAGE', 'Confirmation', 'The location to accept card information. Either on the Checkout Confirmation page or the Checkout Payment page.', '6', '0', NULL, '2012-10-13 07:28:08', NULL, 'tep_cfg_select_option(array(\'Confirmation\', \'Payment\'), ');
insert into configuration (configuration_id, configuration_title, configuration_key, configuration_value, configuration_description, configuration_group_id, sort_order, last_modified, date_added, use_function, set_function) values ('461', 'Payment Zone', 'MODULE_PAYMENT_PAYPAL_PRO_DP_ZONE', '0', 'If a zone is selected, only enable this payment method for that zone.', '6', '2', NULL, '2012-10-13 07:28:08', 'tep_get_zone_class_title', 'tep_cfg_pull_down_zone_classes(');
insert into configuration (configuration_id, configuration_title, configuration_key, configuration_value, configuration_description, configuration_group_id, sort_order, last_modified, date_added, use_function, set_function) values ('462', 'Sort order of display.', 'MODULE_PAYMENT_PAYPAL_PRO_DP_SORT_ORDER', '0', 'Sort order of display. Lowest is displayed first.', '6', '0', NULL, '2012-10-13 07:28:08', NULL, NULL);
insert into configuration (configuration_id, configuration_title, configuration_key, configuration_value, configuration_description, configuration_group_id, sort_order, last_modified, date_added, use_function, set_function) values ('463', 'Set Order Status', 'MODULE_PAYMENT_PAYPAL_PRO_DP_ORDER_STATUS_ID', '0', 'Set the status of orders made with this payment module to this value.', '6', '0', NULL, '2012-10-13 07:28:08', 'tep_get_order_status_name', 'tep_cfg_pull_down_order_statuses(');
insert into configuration (configuration_id, configuration_title, configuration_key, configuration_value, configuration_description, configuration_group_id, sort_order, last_modified, date_added, use_function, set_function) values ('464', 'cURL Program Location', 'MODULE_PAYMENT_PAYPAL_PRO_DP_CURL', '/usr/bin/curl', 'The location to the cURL program application.', '6', '0', NULL, '2012-10-13 07:28:08', NULL, NULL);
insert into configuration (configuration_id, configuration_title, configuration_key, configuration_value, configuration_description, configuration_group_id, sort_order, last_modified, date_added, use_function, set_function) values ('465', 'Accept Visa', 'MODULE_PAYMENT_PAYPAL_PRO_DP_CARDTYPE_VISA', 'True', 'Accept Visa card payments?', '6', '0', NULL, '2012-10-13 07:28:08', NULL, 'tep_cfg_select_option(array(\'True\', \'False\'), ');
insert into configuration (configuration_id, configuration_title, configuration_key, configuration_value, configuration_description, configuration_group_id, sort_order, last_modified, date_added, use_function, set_function) values ('466', 'Accept Visa Debit', 'MODULE_PAYMENT_PAYPAL_PRO_DP_CARDTYPE_VISA_DEBIT', 'True', 'Accept Visa Debit card payments?', '6', '0', NULL, '2012-10-13 07:28:08', NULL, 'tep_cfg_select_option(array(\'True\', \'False\'), ');
insert into configuration (configuration_id, configuration_title, configuration_key, configuration_value, configuration_description, configuration_group_id, sort_order, last_modified, date_added, use_function, set_function) values ('467', 'Accept Visa Electron', 'MODULE_PAYMENT_PAYPAL_PRO_DP_CARDTYPE_VISA_ELECTRON', 'True', 'Accept Visa Electron card payments?', '6', '0', NULL, '2012-10-13 07:28:08', NULL, 'tep_cfg_select_option(array(\'True\', \'False\'), ');
insert into configuration (configuration_id, configuration_title, configuration_key, configuration_value, configuration_description, configuration_group_id, sort_order, last_modified, date_added, use_function, set_function) values ('468', 'Accept MasterCard', 'MODULE_PAYMENT_PAYPAL_PRO_DP_CARDTYPE_MASTERCARD', 'True', 'Accept MasterCard card payments?', '6', '0', NULL, '2012-10-13 07:28:08', NULL, 'tep_cfg_select_option(array(\'True\', \'False\'), ');
insert into configuration (configuration_id, configuration_title, configuration_key, configuration_value, configuration_description, configuration_group_id, sort_order, last_modified, date_added, use_function, set_function) values ('469', 'Accept Discover', 'MODULE_PAYMENT_PAYPAL_PRO_DP_CARDTYPE_DISCOVER', 'True', 'Accept Discover card payments?', '6', '0', NULL, '2012-10-13 07:28:08', NULL, 'tep_cfg_select_option(array(\'True\', \'False\'), ');
insert into configuration (configuration_id, configuration_title, configuration_key, configuration_value, configuration_description, configuration_group_id, sort_order, last_modified, date_added, use_function, set_function) values ('470', 'Accept American Express', 'MODULE_PAYMENT_PAYPAL_PRO_DP_CARDTYPE_AMEX', 'True', 'Accept American Express card payments?', '6', '0', NULL, '2012-10-13 07:28:08', NULL, 'tep_cfg_select_option(array(\'True\', \'False\'), ');
insert into configuration (configuration_id, configuration_title, configuration_key, configuration_value, configuration_description, configuration_group_id, sort_order, last_modified, date_added, use_function, set_function) values ('471', 'Accept Maestro', 'MODULE_PAYMENT_PAYPAL_PRO_DP_CARDTYPE_SWITCH', 'True', 'Accept Maestro card payments?', '6', '0', NULL, '2012-10-13 07:28:08', NULL, 'tep_cfg_select_option(array(\'True\', \'False\'), ');
insert into configuration (configuration_id, configuration_title, configuration_key, configuration_value, configuration_description, configuration_group_id, sort_order, last_modified, date_added, use_function, set_function) values ('472', 'Accept Solo', 'MODULE_PAYMENT_PAYPAL_PRO_DP_CARDTYPE_SOLO', 'True', 'Accept Solo card payments?', '6', '0', NULL, '2012-10-13 07:28:08', NULL, 'tep_cfg_select_option(array(\'True\', \'False\'), ');
insert into configuration (configuration_id, configuration_title, configuration_key, configuration_value, configuration_description, configuration_group_id, sort_order, last_modified, date_added, use_function, set_function) values ('473', 'Enable PayPal Direct (UK)', 'MODULE_PAYMENT_PAYPAL_PRO_PAYFLOW_DP_STATUS', 'True', 'Do you want to accept PayPal Direct (UK) payments?', '6', '1', NULL, '2012-10-13 07:29:35', NULL, 'tep_cfg_select_option(array(\'True\', \'False\'), ');
insert into configuration (configuration_id, configuration_title, configuration_key, configuration_value, configuration_description, configuration_group_id, sort_order, last_modified, date_added, use_function, set_function) values ('474', 'Vendor', 'MODULE_PAYMENT_PAYPAL_PRO_PAYFLOW_DP_VENDOR', '', 'Your merchant login ID that you created when you registered for the Website Payments Pro account.', '6', '0', NULL, '2012-10-13 07:29:35', NULL, NULL);
insert into configuration (configuration_id, configuration_title, configuration_key, configuration_value, configuration_description, configuration_group_id, sort_order, last_modified, date_added, use_function, set_function) values ('475', 'User', 'MODULE_PAYMENT_PAYPAL_PRO_PAYFLOW_DP_USERNAME', '', 'If you set up one or more additional users on the account, this value is the ID of the user authorised to process transactions. If, however, you have not set up additional users on the account, USER has the same value as VENDOR.', '6', '0', NULL, '2012-10-13 07:29:35', NULL, NULL);
insert into configuration (configuration_id, configuration_title, configuration_key, configuration_value, configuration_description, configuration_group_id, sort_order, last_modified, date_added, use_function, set_function) values ('476', 'Password', 'MODULE_PAYMENT_PAYPAL_PRO_PAYFLOW_DP_PASSWORD', '', 'The 6- to 32-character password that you defined while registering for the account.', '6', '0', NULL, '2012-10-13 07:29:35', NULL, NULL);
insert into configuration (configuration_id, configuration_title, configuration_key, configuration_value, configuration_description, configuration_group_id, sort_order, last_modified, date_added, use_function, set_function) values ('477', 'Partner', 'MODULE_PAYMENT_PAYPAL_PRO_PAYFLOW_DP_PARTNER', 'PayPalUK', 'The ID provided to you by the authorised PayPal Reseller who registered you for the Payflow SDK. If you purchased your account directly from PayPal, use PayPalUK.', '6', '0', NULL, '2012-10-13 07:29:35', NULL, NULL);
insert into configuration (configuration_id, configuration_title, configuration_key, configuration_value, configuration_description, configuration_group_id, sort_order, last_modified, date_added, use_function, set_function) values ('478', 'Transaction Server', 'MODULE_PAYMENT_PAYPAL_PRO_PAYFLOW_DP_TRANSACTION_SERVER', 'Live', 'Use the live or testing (sandbox) gateway server to process transactions?', '6', '0', NULL, '2012-10-13 07:29:35', NULL, 'tep_cfg_select_option(array(\'Live\', \'Sandbox\'), ');
insert into configuration (configuration_id, configuration_title, configuration_key, configuration_value, configuration_description, configuration_group_id, sort_order, last_modified, date_added, use_function, set_function) values ('479', 'Transaction Method', 'MODULE_PAYMENT_PAYPAL_PRO_PAYFLOW_DP_TRANSACTION_METHOD', 'Sale', 'The processing method to use for each transaction.', '6', '0', NULL, '2012-10-13 07:29:35', NULL, 'tep_cfg_select_option(array(\'Authorization\', \'Sale\'), ');
insert into configuration (configuration_id, configuration_title, configuration_key, configuration_value, configuration_description, configuration_group_id, sort_order, last_modified, date_added, use_function, set_function) values ('480', 'Card Acceptance Page', 'MODULE_PAYMENT_PAYPAL_PRO_PAYFLOW_DP_CARD_INPUT_PAGE', 'Confirmation', 'The location to accept card information. Either on the Checkout Confirmation page or the Checkout Payment page.', '6', '0', NULL, '2012-10-13 07:29:35', NULL, 'tep_cfg_select_option(array(\'Confirmation\', \'Payment\'), ');
insert into configuration (configuration_id, configuration_title, configuration_key, configuration_value, configuration_description, configuration_group_id, sort_order, last_modified, date_added, use_function, set_function) values ('481', 'Payment Zone', 'MODULE_PAYMENT_PAYPAL_PRO_PAYFLOW_DP_ZONE', '0', 'If a zone is selected, only enable this payment method for that zone.', '6', '2', NULL, '2012-10-13 07:29:35', 'tep_get_zone_class_title', 'tep_cfg_pull_down_zone_classes(');
insert into configuration (configuration_id, configuration_title, configuration_key, configuration_value, configuration_description, configuration_group_id, sort_order, last_modified, date_added, use_function, set_function) values ('482', 'Sort order of display.', 'MODULE_PAYMENT_PAYPAL_PRO_PAYFLOW_DP_SORT_ORDER', '0', 'Sort order of display. Lowest is displayed first.', '6', '0', NULL, '2012-10-13 07:29:35', NULL, NULL);
insert into configuration (configuration_id, configuration_title, configuration_key, configuration_value, configuration_description, configuration_group_id, sort_order, last_modified, date_added, use_function, set_function) values ('483', 'Set Order Status', 'MODULE_PAYMENT_PAYPAL_PRO_PAYFLOW_DP_ORDER_STATUS_ID', '0', 'Set the status of orders made with this payment module to this value.', '6', '0', NULL, '2012-10-13 07:29:35', 'tep_get_order_status_name', 'tep_cfg_pull_down_order_statuses(');
insert into configuration (configuration_id, configuration_title, configuration_key, configuration_value, configuration_description, configuration_group_id, sort_order, last_modified, date_added, use_function, set_function) values ('484', 'cURL Program Location', 'MODULE_PAYMENT_PAYPAL_PRO_PAYFLOW_DP_CURL', '/usr/bin/curl', 'The location to the cURL program application.', '6', '0', NULL, '2012-10-13 07:29:35', NULL, NULL);
insert into configuration (configuration_id, configuration_title, configuration_key, configuration_value, configuration_description, configuration_group_id, sort_order, last_modified, date_added, use_function, set_function) values ('485', 'Enable PayPal Express Checkout (UK)', 'MODULE_PAYMENT_PAYPAL_PRO_PAYFLOW_EC_STATUS', 'True', 'Do you want to accept PayPal Express Checkout (UK) payments?', '6', '1', NULL, '2012-10-13 07:31:03', NULL, 'tep_cfg_select_option(array(\'True\', \'False\'), ');
insert into configuration (configuration_id, configuration_title, configuration_key, configuration_value, configuration_description, configuration_group_id, sort_order, last_modified, date_added, use_function, set_function) values ('486', 'Vendor', 'MODULE_PAYMENT_PAYPAL_PRO_PAYFLOW_EC_VENDOR', '', 'Your merchant login ID that you created when you registered for the Website Payments Pro account.', '6', '0', NULL, '2012-10-13 07:31:03', NULL, NULL);
insert into configuration (configuration_id, configuration_title, configuration_key, configuration_value, configuration_description, configuration_group_id, sort_order, last_modified, date_added, use_function, set_function) values ('487', 'User', 'MODULE_PAYMENT_PAYPAL_PRO_PAYFLOW_EC_USERNAME', '', 'If you set up one or more additional users on the account, this value is the ID of the user authorised to process transactions. If, however, you have not set up additional users on the account, USER has the same value as VENDOR.', '6', '0', NULL, '2012-10-13 07:31:03', NULL, NULL);
insert into configuration (configuration_id, configuration_title, configuration_key, configuration_value, configuration_description, configuration_group_id, sort_order, last_modified, date_added, use_function, set_function) values ('488', 'Password', 'MODULE_PAYMENT_PAYPAL_PRO_PAYFLOW_EC_PASSWORD', '', 'The 6- to 32-character password that you defined while registering for the account.', '6', '0', NULL, '2012-10-13 07:31:03', NULL, NULL);
insert into configuration (configuration_id, configuration_title, configuration_key, configuration_value, configuration_description, configuration_group_id, sort_order, last_modified, date_added, use_function, set_function) values ('489', 'Partner', 'MODULE_PAYMENT_PAYPAL_PRO_PAYFLOW_EC_PARTNER', 'PayPalUK', 'The ID provided to you by the authorised PayPal Reseller who registered you for the Payflow SDK. If you purchased your account directly from PayPal, use PayPalUK.', '6', '0', NULL, '2012-10-13 07:31:03', NULL, NULL);
insert into configuration (configuration_id, configuration_title, configuration_key, configuration_value, configuration_description, configuration_group_id, sort_order, last_modified, date_added, use_function, set_function) values ('490', 'Transaction Server', 'MODULE_PAYMENT_PAYPAL_PRO_PAYFLOW_EC_TRANSACTION_SERVER', 'Live', 'Use the live or testing (sandbox) gateway server to process transactions?', '6', '0', NULL, '2012-10-13 07:31:03', NULL, 'tep_cfg_select_option(array(\'Live\', \'Sandbox\'), ');
insert into configuration (configuration_id, configuration_title, configuration_key, configuration_value, configuration_description, configuration_group_id, sort_order, last_modified, date_added, use_function, set_function) values ('491', 'Transaction Method', 'MODULE_PAYMENT_PAYPAL_PRO_PAYFLOW_EC_TRANSACTION_METHOD', 'Authorization', 'The processing method to use for each transaction.', '6', '0', NULL, '2012-10-13 07:31:03', NULL, 'tep_cfg_select_option(array(\'Authorization\', \'Sale\'), ');
insert into configuration (configuration_id, configuration_title, configuration_key, configuration_value, configuration_description, configuration_group_id, sort_order, last_modified, date_added, use_function, set_function) values ('492', 'Payment Zone', 'MODULE_PAYMENT_PAYPAL_PRO_PAYFLOW_EC_ZONE', '0', 'If a zone is selected, only enable this payment method for that zone.', '6', '2', NULL, '2012-10-13 07:31:03', 'tep_get_zone_class_title', 'tep_cfg_pull_down_zone_classes(');
insert into configuration (configuration_id, configuration_title, configuration_key, configuration_value, configuration_description, configuration_group_id, sort_order, last_modified, date_added, use_function, set_function) values ('493', 'Sort order of display.', 'MODULE_PAYMENT_PAYPAL_PRO_PAYFLOW_EC_SORT_ORDER', '0', 'Sort order of display. Lowest is displayed first.', '6', '0', NULL, '2012-10-13 07:31:03', NULL, NULL);
insert into configuration (configuration_id, configuration_title, configuration_key, configuration_value, configuration_description, configuration_group_id, sort_order, last_modified, date_added, use_function, set_function) values ('494', 'Set Order Status', 'MODULE_PAYMENT_PAYPAL_PRO_PAYFLOW_EC_ORDER_STATUS_ID', '0', 'Set the status of orders made with this payment module to this value.', '6', '0', NULL, '2012-10-13 07:31:03', 'tep_get_order_status_name', 'tep_cfg_pull_down_order_statuses(');
insert into configuration (configuration_id, configuration_title, configuration_key, configuration_value, configuration_description, configuration_group_id, sort_order, last_modified, date_added, use_function, set_function) values ('495', 'cURL Program Location', 'MODULE_PAYMENT_PAYPAL_PRO_PAYFLOW_EC_CURL', '/usr/bin/curl', 'The location to the cURL program application.', '6', '0', NULL, '2012-10-13 07:31:03', NULL, NULL);
insert into configuration (configuration_id, configuration_title, configuration_key, configuration_value, configuration_description, configuration_group_id, sort_order, last_modified, date_added, use_function, set_function) values ('496', 'Enable PayPal Website Payments Standard', 'MODULE_PAYMENT_PAYPAL_STANDARD_STATUS', 'True', 'Do you want to accept PayPal Website Payments Standard payments?', '6', '3', NULL, '2012-10-13 07:32:01', NULL, 'tep_cfg_select_option(array(\'True\', \'False\'), ');
insert into configuration (configuration_id, configuration_title, configuration_key, configuration_value, configuration_description, configuration_group_id, sort_order, last_modified, date_added, use_function, set_function) values ('497', 'E-Mail Address', 'MODULE_PAYMENT_PAYPAL_STANDARD_ID', '', 'The PayPal seller e-mail address to accept payments for', '6', '4', NULL, '2012-10-13 07:32:01', NULL, NULL);
insert into configuration (configuration_id, configuration_title, configuration_key, configuration_value, configuration_description, configuration_group_id, sort_order, last_modified, date_added, use_function, set_function) values ('498', 'Sort order of display.', 'MODULE_PAYMENT_PAYPAL_STANDARD_SORT_ORDER', '0', 'Sort order of display. Lowest is displayed first.', '6', '0', NULL, '2012-10-13 07:32:01', NULL, NULL);
insert into configuration (configuration_id, configuration_title, configuration_key, configuration_value, configuration_description, configuration_group_id, sort_order, last_modified, date_added, use_function, set_function) values ('499', 'Payment Zone', 'MODULE_PAYMENT_PAYPAL_STANDARD_ZONE', '0', 'If a zone is selected, only enable this payment method for that zone.', '6', '2', NULL, '2012-10-13 07:32:01', 'tep_get_zone_class_title', 'tep_cfg_pull_down_zone_classes(');
insert into configuration (configuration_id, configuration_title, configuration_key, configuration_value, configuration_description, configuration_group_id, sort_order, last_modified, date_added, use_function, set_function) values ('500', 'Set Preparing Order Status', 'MODULE_PAYMENT_PAYPAL_STANDARD_PREPARE_ORDER_STATUS_ID', '6', 'Set the status of prepared orders made with this payment module to this value', '6', '0', NULL, '2012-10-13 07:32:01', 'tep_get_order_status_name', 'tep_cfg_pull_down_order_statuses(');
insert into configuration (configuration_id, configuration_title, configuration_key, configuration_value, configuration_description, configuration_group_id, sort_order, last_modified, date_added, use_function, set_function) values ('501', 'Set PayPal Acknowledged Order Status', 'MODULE_PAYMENT_PAYPAL_STANDARD_ORDER_STATUS_ID', '0', 'Set the status of orders made with this payment module to this value', '6', '0', NULL, '2012-10-13 07:32:01', 'tep_get_order_status_name', 'tep_cfg_pull_down_order_statuses(');
insert into configuration (configuration_id, configuration_title, configuration_key, configuration_value, configuration_description, configuration_group_id, sort_order, last_modified, date_added, use_function, set_function) values ('502', 'Gateway Server', 'MODULE_PAYMENT_PAYPAL_STANDARD_GATEWAY_SERVER', 'Live', 'Use the testing (sandbox) or live gateway server for transactions?', '6', '6', NULL, '2012-10-13 07:32:01', NULL, 'tep_cfg_select_option(array(\'Live\', \'Sandbox\'), ');
insert into configuration (configuration_id, configuration_title, configuration_key, configuration_value, configuration_description, configuration_group_id, sort_order, last_modified, date_added, use_function, set_function) values ('503', 'Transaction Method', 'MODULE_PAYMENT_PAYPAL_STANDARD_TRANSACTION_METHOD', 'Sale', 'The processing method to use for each transaction.', '6', '0', NULL, '2012-10-13 07:32:01', NULL, 'tep_cfg_select_option(array(\'Authorization\', \'Sale\'), ');
insert into configuration (configuration_id, configuration_title, configuration_key, configuration_value, configuration_description, configuration_group_id, sort_order, last_modified, date_added, use_function, set_function) values ('504', 'Page Style', 'MODULE_PAYMENT_PAYPAL_STANDARD_PAGE_STYLE', '', 'The page style to use for the transaction procedure (defined at your PayPal Profile page)', '6', '4', NULL, '2012-10-13 07:32:01', NULL, NULL);
insert into configuration (configuration_id, configuration_title, configuration_key, configuration_value, configuration_description, configuration_group_id, sort_order, last_modified, date_added, use_function, set_function) values ('505', 'Debug E-Mail Address', 'MODULE_PAYMENT_PAYPAL_STANDARD_DEBUG_EMAIL', '', 'All parameters of an Invalid IPN notification will be sent to this email address if one is entered.', '6', '4', NULL, '2012-10-13 07:32:01', NULL, NULL);
insert into configuration (configuration_id, configuration_title, configuration_key, configuration_value, configuration_description, configuration_group_id, sort_order, last_modified, date_added, use_function, set_function) values ('506', 'Enable Encrypted Web Payments', 'MODULE_PAYMENT_PAYPAL_STANDARD_EWP_STATUS', 'False', 'Do you want to enable Encrypted Web Payments?', '6', '3', NULL, '2012-10-13 07:32:01', NULL, 'tep_cfg_select_option(array(\'True\', \'False\'), ');
insert into configuration (configuration_id, configuration_title, configuration_key, configuration_value, configuration_description, configuration_group_id, sort_order, last_modified, date_added, use_function, set_function) values ('507', 'Your Private Key', 'MODULE_PAYMENT_PAYPAL_STANDARD_EWP_PRIVATE_KEY', '', 'The location of your Private Key to use for signing the data. (*.pem)', '6', '4', NULL, '2012-10-13 07:32:01', NULL, NULL);
insert into configuration (configuration_id, configuration_title, configuration_key, configuration_value, configuration_description, configuration_group_id, sort_order, last_modified, date_added, use_function, set_function) values ('508', 'Your Public Certificate', 'MODULE_PAYMENT_PAYPAL_STANDARD_EWP_PUBLIC_KEY', '', 'The location of your Public Certificate to use for signing the data. (*.pem)', '6', '4', NULL, '2012-10-13 07:32:01', NULL, NULL);
insert into configuration (configuration_id, configuration_title, configuration_key, configuration_value, configuration_description, configuration_group_id, sort_order, last_modified, date_added, use_function, set_function) values ('509', 'PayPals Public Certificate', 'MODULE_PAYMENT_PAYPAL_STANDARD_EWP_PAYPAL_KEY', '', 'The location of the PayPal Public Certificate for encrypting the data.', '6', '4', NULL, '2012-10-13 07:32:01', NULL, NULL);
insert into configuration (configuration_id, configuration_title, configuration_key, configuration_value, configuration_description, configuration_group_id, sort_order, last_modified, date_added, use_function, set_function) values ('510', 'Your PayPal Public Certificate ID', 'MODULE_PAYMENT_PAYPAL_STANDARD_EWP_CERT_ID', '', 'The Certificate ID to use from your PayPal Encrypted Payment Settings Profile.', '6', '4', NULL, '2012-10-13 07:32:01', NULL, NULL);
insert into configuration (configuration_id, configuration_title, configuration_key, configuration_value, configuration_description, configuration_group_id, sort_order, last_modified, date_added, use_function, set_function) values ('511', 'Working Directory', 'MODULE_PAYMENT_PAYPAL_STANDARD_EWP_WORKING_DIRECTORY', '', 'The working directory to use for temporary files. (trailing slash needed)', '6', '4', NULL, '2012-10-13 07:32:01', NULL, NULL);
insert into configuration (configuration_id, configuration_title, configuration_key, configuration_value, configuration_description, configuration_group_id, sort_order, last_modified, date_added, use_function, set_function) values ('512', 'OpenSSL Location', 'MODULE_PAYMENT_PAYPAL_STANDARD_EWP_OPENSSL', '/usr/bin/openssl', 'The location of the openssl binary file.', '6', '4', NULL, '2012-10-13 07:32:01', NULL, NULL);
insert into configuration (configuration_id, configuration_title, configuration_key, configuration_value, configuration_description, configuration_group_id, sort_order, last_modified, date_added, use_function, set_function) values ('513', 'Enable PayPoint.net SECPay Module', 'MODULE_PAYMENT_PAYPOINT_SECPAY_STATUS', 'True', 'Do you want to accept PayPoint.net SECPay payments?', '6', '1', NULL, '2012-10-13 07:32:43', NULL, 'tep_cfg_select_option(array(\'True\', \'False\'), ');
insert into configuration (configuration_id, configuration_title, configuration_key, configuration_value, configuration_description, configuration_group_id, sort_order, last_modified, date_added, use_function, set_function) values ('514', 'Merchant ID', 'MODULE_PAYMENT_PAYPOINT_SECPAY_MERCHANT_ID', 'secpay', 'Merchant ID to use for the SECPay service', '6', '2', NULL, '2012-10-13 07:32:43', NULL, NULL);
insert into configuration (configuration_id, configuration_title, configuration_key, configuration_value, configuration_description, configuration_group_id, sort_order, last_modified, date_added, use_function, set_function) values ('515', 'Transaction Currency', 'MODULE_PAYMENT_PAYPOINT_SECPAY_CURRENCY', 'Any Currency', 'The currency to use for credit card transactions', '6', '3', NULL, '2012-10-13 07:32:43', NULL, 'tep_cfg_select_option(array(\'Any Currency\', \'Default Currency\'), ');
insert into configuration (configuration_id, configuration_title, configuration_key, configuration_value, configuration_description, configuration_group_id, sort_order, last_modified, date_added, use_function, set_function) values ('516', 'Transaction Mode', 'MODULE_PAYMENT_PAYPOINT_SECPAY_TEST_STATUS', 'Always Successful', 'Transaction mode to use for the PayPoint.net SECPay service', '6', '4', NULL, '2012-10-13 07:32:43', NULL, 'tep_cfg_select_option(array(\'Always Successful\', \'Always Fail\', \'Production\'), ');
insert into configuration (configuration_id, configuration_title, configuration_key, configuration_value, configuration_description, configuration_group_id, sort_order, last_modified, date_added, use_function, set_function) values ('517', 'Sort order of display.', 'MODULE_PAYMENT_PAYPOINT_SECPAY_SORT_ORDER', '0', 'Sort order of display. Lowest is displayed first.', '6', '0', NULL, '2012-10-13 07:32:43', NULL, NULL);
insert into configuration (configuration_id, configuration_title, configuration_key, configuration_value, configuration_description, configuration_group_id, sort_order, last_modified, date_added, use_function, set_function) values ('518', 'Payment Zone', 'MODULE_PAYMENT_PAYPOINT_SECPAY_ZONE', '0', 'If a zone is selected, only enable this payment method for that zone.', '6', '2', NULL, '2012-10-13 07:32:43', 'tep_get_zone_class_title', 'tep_cfg_pull_down_zone_classes(');
insert into configuration (configuration_id, configuration_title, configuration_key, configuration_value, configuration_description, configuration_group_id, sort_order, last_modified, date_added, use_function, set_function) values ('519', 'Set Order Status', 'MODULE_PAYMENT_PAYPOINT_SECPAY_ORDER_STATUS_ID', '0', 'Set the status of orders made with this payment module to this value', '6', '0', NULL, '2012-10-13 07:32:43', 'tep_get_order_status_name', 'tep_cfg_pull_down_order_statuses(');
insert into configuration (configuration_id, configuration_title, configuration_key, configuration_value, configuration_description, configuration_group_id, sort_order, last_modified, date_added, use_function, set_function) values ('520', 'Remote Password', 'MODULE_PAYMENT_PAYPOINT_SECPAY_REMOTE', 'secpay', 'The Remote Password needs to be created in the PayPoint extranet.', '6', '0', NULL, '2012-10-13 07:32:43', NULL, NULL);
insert into configuration (configuration_id, configuration_title, configuration_key, configuration_value, configuration_description, configuration_group_id, sort_order, last_modified, date_added, use_function, set_function) values ('521', 'Digest Key', 'MODULE_PAYMENT_PAYPOINT_SECPAY_READERS_DIGEST', 'secpay', 'The Digest Key needs to be created in the PayPoint extranet.', '6', '0', NULL, '2012-10-13 07:32:43', NULL, NULL);
insert into configuration (configuration_id, configuration_title, configuration_key, configuration_value, configuration_description, configuration_group_id, sort_order, last_modified, date_added, use_function, set_function) values ('522', 'Enable 2Checkout', 'MODULE_PAYMENT_2CHECKOUT_STATUS', 'True', 'Do you want to accept 2CheckOut payments?', '6', '0', NULL, '2012-10-13 07:33:34', NULL, 'tep_cfg_select_option(array(\'True\', \'False\'), ');
insert into configuration (configuration_id, configuration_title, configuration_key, configuration_value, configuration_description, configuration_group_id, sort_order, last_modified, date_added, use_function, set_function) values ('523', 'Vendor Account', 'MODULE_PAYMENT_2CHECKOUT_LOGIN', '', 'The vendor account number for the 2Checkout gateway.', '6', '0', NULL, '2012-10-13 07:33:34', NULL, NULL);
insert into configuration (configuration_id, configuration_title, configuration_key, configuration_value, configuration_description, configuration_group_id, sort_order, last_modified, date_added, use_function, set_function) values ('524', 'Transaction Mode', 'MODULE_PAYMENT_2CHECKOUT_TESTMODE', 'Test', 'Transaction mode used for the 2Checkout gateway.', '6', '0', NULL, '2012-10-13 07:33:34', NULL, 'tep_cfg_select_option(array(\'Test\', \'Production\'), ');
insert into configuration (configuration_id, configuration_title, configuration_key, configuration_value, configuration_description, configuration_group_id, sort_order, last_modified, date_added, use_function, set_function) values ('525', 'Secret Word', 'MODULE_PAYMENT_2CHECKOUT_SECRET_WORD', '', 'The secret word to confirm transactions with. (Must be the same as defined on the Vendor Admin interface)', '6', '0', NULL, '2012-10-13 07:33:34', NULL, NULL);
insert into configuration (configuration_id, configuration_title, configuration_key, configuration_value, configuration_description, configuration_group_id, sort_order, last_modified, date_added, use_function, set_function) values ('526', 'Payment Routine', 'MODULE_PAYMENT_2CHECKOUT_ROUTINE', 'Multi-Page', 'The payment routine to use on the 2Checkout gateway.', '6', '0', NULL, '2012-10-13 07:33:34', NULL, 'tep_cfg_select_option(array(\'Multi-Page\', \'Single-Page\'), ');
insert into configuration (configuration_id, configuration_title, configuration_key, configuration_value, configuration_description, configuration_group_id, sort_order, last_modified, date_added, use_function, set_function) values ('527', 'Processing Currency', 'MODULE_PAYMENT_2CHECKOUT_CURRENCY', 'USD', 'The currency to process transactions in. (Must be the same as defined on the Vendor Admin interface)', '6', '0', NULL, '2012-10-13 07:33:34', NULL, 'pm2checkout::getCurrencies(');
insert into configuration (configuration_id, configuration_title, configuration_key, configuration_value, configuration_description, configuration_group_id, sort_order, last_modified, date_added, use_function, set_function) values ('528', 'Sort Order', 'MODULE_PAYMENT_2CHECKOUT_SORT_ORDER', '0', 'Sort order of display. (Lowest is displayed first)', '6', '0', NULL, '2012-10-13 07:33:34', NULL, NULL);
insert into configuration (configuration_id, configuration_title, configuration_key, configuration_value, configuration_description, configuration_group_id, sort_order, last_modified, date_added, use_function, set_function) values ('529', 'Payment Zone', 'MODULE_PAYMENT_2CHECKOUT_ZONE', '0', 'If a zone is selected, only enable this payment method for that zone.', '6', '2', NULL, '2012-10-13 07:33:34', 'tep_get_zone_class_title', 'tep_cfg_pull_down_zone_classes(');
insert into configuration (configuration_id, configuration_title, configuration_key, configuration_value, configuration_description, configuration_group_id, sort_order, last_modified, date_added, use_function, set_function) values ('530', 'Set Order Status', 'MODULE_PAYMENT_2CHECKOUT_ORDER_STATUS_ID', '0', 'Set the status of orders made with this payment module to this value.', '6', '0', NULL, '2012-10-13 07:33:34', 'tep_get_order_status_name', 'tep_cfg_pull_down_order_statuses(');
insert into configuration (configuration_id, configuration_title, configuration_key, configuration_value, configuration_description, configuration_group_id, sort_order, last_modified, date_added, use_function, set_function) values ('540', 'Enable RBS WorldPay Hosted', 'MODULE_PAYMENT_RBSWORLDPAY_HOSTED_STATUS', 'True', 'Do you want to accept RBS WorldPay Hosted payments?', '6', '0', NULL, '2012-10-13 07:35:05', NULL, 'tep_cfg_select_option(array(\'True\', \'False\'), ');
insert into configuration (configuration_id, configuration_title, configuration_key, configuration_value, configuration_description, configuration_group_id, sort_order, last_modified, date_added, use_function, set_function) values ('541', 'Installation ID', 'MODULE_PAYMENT_RBSWORLDPAY_HOSTED_INSTALLATION_ID', '', 'Your WorldPay Installation ID', '6', '0', NULL, '2012-10-13 07:35:05', NULL, NULL);
insert into configuration (configuration_id, configuration_title, configuration_key, configuration_value, configuration_description, configuration_group_id, sort_order, last_modified, date_added, use_function, set_function) values ('542', 'Callback Password', 'MODULE_PAYMENT_RBSWORLDPAY_HOSTED_CALLBACK_PASSWORD', '', 'A password that is sent back in the callback response (specified in the WorldPay Customer Management System)', '6', '0', NULL, '2012-10-13 07:35:05', NULL, NULL);
insert into configuration (configuration_id, configuration_title, configuration_key, configuration_value, configuration_description, configuration_group_id, sort_order, last_modified, date_added, use_function, set_function) values ('543', 'MD5 Password', 'MODULE_PAYMENT_RBSWORLDPAY_HOSTED_MD5_PASSWORD', '', 'The MD5 secret encryption password used to validate transaction responses with (specified in the WorldPay Customer Management System)', '6', '0', NULL, '2012-10-13 07:35:05', NULL, NULL);
insert into configuration (configuration_id, configuration_title, configuration_key, configuration_value, configuration_description, configuration_group_id, sort_order, last_modified, date_added, use_function, set_function) values ('544', 'Transaction Method', 'MODULE_PAYMENT_RBSWORLDPAY_HOSTED_TRANSACTION_METHOD', 'Capture', 'The processing method to use for each transaction', '6', '0', NULL, '2012-10-13 07:35:05', NULL, 'tep_cfg_select_option(array(\'Pre-Authorization\', \'Capture\'), ');
insert into configuration (configuration_id, configuration_title, configuration_key, configuration_value, configuration_description, configuration_group_id, sort_order, last_modified, date_added, use_function, set_function) values ('545', 'Test Mode', 'MODULE_PAYMENT_RBSWORLDPAY_HOSTED_TESTMODE', 'True', 'Process transactions in test mode?', '6', '0', NULL, '2012-10-13 07:35:05', NULL, 'tep_cfg_select_option(array(\'True\', \'False\'), ');
insert into configuration (configuration_id, configuration_title, configuration_key, configuration_value, configuration_description, configuration_group_id, sort_order, last_modified, date_added, use_function, set_function) values ('546', 'Sort order of display.', 'MODULE_PAYMENT_RBSWORLDPAY_HOSTED_SORT_ORDER', '0', 'Sort order of display. Lowest is displayed first.', '6', '0', NULL, '2012-10-13 07:35:05', NULL, NULL);
insert into configuration (configuration_id, configuration_title, configuration_key, configuration_value, configuration_description, configuration_group_id, sort_order, last_modified, date_added, use_function, set_function) values ('547', 'Payment Zone', 'MODULE_PAYMENT_RBSWORLDPAY_HOSTED_ZONE', '0', 'If a zone is selected, only enable this payment method for that zone.', '6', '2', NULL, '2012-10-13 07:35:05', 'tep_get_zone_class_title', 'tep_cfg_pull_down_zone_classes(');
insert into configuration (configuration_id, configuration_title, configuration_key, configuration_value, configuration_description, configuration_group_id, sort_order, last_modified, date_added, use_function, set_function) values ('548', 'Set Preparing Order Status', 'MODULE_PAYMENT_RBSWORLDPAY_HOSTED_PREPARE_ORDER_STATUS_ID', '7', 'Set the status of prepared orders made with this payment module to this value', '6', '0', NULL, '2012-10-13 07:35:05', 'tep_get_order_status_name', 'tep_cfg_pull_down_order_statuses(');
insert into configuration (configuration_id, configuration_title, configuration_key, configuration_value, configuration_description, configuration_group_id, sort_order, last_modified, date_added, use_function, set_function) values ('549', 'Set Order Status', 'MODULE_PAYMENT_RBSWORLDPAY_HOSTED_ORDER_STATUS_ID', '0', 'Set the status of orders made with this payment module to this value', '6', '0', NULL, '2012-10-13 07:35:05', 'tep_get_order_status_name', 'tep_cfg_pull_down_order_statuses(');
insert into configuration (configuration_id, configuration_title, configuration_key, configuration_value, configuration_description, configuration_group_id, sort_order, last_modified, date_added, use_function, set_function) values ('550', 'Enable Sage Pay Direct Module', 'MODULE_PAYMENT_SAGE_PAY_DIRECT_STATUS', 'True', 'Do you want to accept Sage Pay Direct payments?', '6', '0', NULL, '2012-10-13 07:35:42', NULL, 'tep_cfg_select_option(array(\'True\', \'False\'), ');
insert into configuration (configuration_id, configuration_title, configuration_key, configuration_value, configuration_description, configuration_group_id, sort_order, last_modified, date_added, use_function, set_function) values ('551', 'Vendor Login Name', 'MODULE_PAYMENT_SAGE_PAY_DIRECT_VENDOR_LOGIN_NAME', '', 'The vendor login name to connect to the gateway with.', '6', '0', NULL, '2012-10-13 07:35:42', NULL, NULL);
insert into configuration (configuration_id, configuration_title, configuration_key, configuration_value, configuration_description, configuration_group_id, sort_order, last_modified, date_added, use_function, set_function) values ('552', 'Verify With CVC', 'MODULE_PAYMENT_SAGE_PAY_DIRECT_VERIFY_WITH_CVC', 'True', 'Verify the credit card with the billing address with the Credit Card Verification Checknumber (CVC)?', '6', '0', NULL, '2012-10-13 07:35:42', NULL, 'tep_cfg_select_option(array(\'True\', \'False\'), ');
insert into configuration (configuration_id, configuration_title, configuration_key, configuration_value, configuration_description, configuration_group_id, sort_order, last_modified, date_added, use_function, set_function) values ('553', 'Transaction Method', 'MODULE_PAYMENT_SAGE_PAY_DIRECT_TRANSACTION_METHOD', 'Authenticate', 'The processing method to use for each transaction.', '6', '0', NULL, '2012-10-13 07:35:42', NULL, 'tep_cfg_select_option(array(\'Authenticate\', \'Deferred\', \'Payment\'), ');
insert into configuration (configuration_id, configuration_title, configuration_key, configuration_value, configuration_description, configuration_group_id, sort_order, last_modified, date_added, use_function, set_function) values ('554', 'Transaction Server', 'MODULE_PAYMENT_SAGE_PAY_DIRECT_TRANSACTION_SERVER', 'Live', 'Perform transactions on the production server or on the testing server.', '6', '0', NULL, '2012-10-13 07:35:42', NULL, 'tep_cfg_select_option(array(\'Live\', \'Test\', \'Simulator\'), ');
insert into configuration (configuration_id, configuration_title, configuration_key, configuration_value, configuration_description, configuration_group_id, sort_order, last_modified, date_added, use_function, set_function) values ('555', 'Sort order of display.', 'MODULE_PAYMENT_SAGE_PAY_DIRECT_SORT_ORDER', '0', 'Sort order of display. Lowest is displayed first.', '6', '0', NULL, '2012-10-13 07:35:42', NULL, NULL);
insert into configuration (configuration_id, configuration_title, configuration_key, configuration_value, configuration_description, configuration_group_id, sort_order, last_modified, date_added, use_function, set_function) values ('556', 'Payment Zone', 'MODULE_PAYMENT_SAGE_PAY_DIRECT_ZONE', '0', 'If a zone is selected, only enable this payment method for that zone.', '6', '2', NULL, '2012-10-13 07:35:42', 'tep_get_zone_class_title', 'tep_cfg_pull_down_zone_classes(');
insert into configuration (configuration_id, configuration_title, configuration_key, configuration_value, configuration_description, configuration_group_id, sort_order, last_modified, date_added, use_function, set_function) values ('557', 'Set Order Status', 'MODULE_PAYMENT_SAGE_PAY_DIRECT_ORDER_STATUS_ID', '0', 'Set the status of orders made with this payment module to this value', '6', '0', NULL, '2012-10-13 07:35:42', 'tep_get_order_status_name', 'tep_cfg_pull_down_order_statuses(');
insert into configuration (configuration_id, configuration_title, configuration_key, configuration_value, configuration_description, configuration_group_id, sort_order, last_modified, date_added, use_function, set_function) values ('558', 'cURL Program Location', 'MODULE_PAYMENT_SAGE_PAY_DIRECT_CURL', '/usr/bin/curl', 'The location to the cURL program application.', '6', '0', NULL, '2012-10-13 07:35:42', NULL, NULL);
insert into configuration (configuration_id, configuration_title, configuration_key, configuration_value, configuration_description, configuration_group_id, sort_order, last_modified, date_added, use_function, set_function) values ('559', 'Accept Visa', 'MODULE_PAYMENT_SAGE_PAY_DIRECT_ALLOW_VISA', 'True', 'Do you want to accept Visa payments?', '6', '0', NULL, '2012-10-13 07:35:42', NULL, 'tep_cfg_select_option(array(\'True\', \'False\'), ');
insert into configuration (configuration_id, configuration_title, configuration_key, configuration_value, configuration_description, configuration_group_id, sort_order, last_modified, date_added, use_function, set_function) values ('560', 'Accept Mastercard', 'MODULE_PAYMENT_SAGE_PAY_DIRECT_ALLOW_MC', 'True', 'Do you want to accept Mastercard payments?', '6', '0', NULL, '2012-10-13 07:35:42', NULL, 'tep_cfg_select_option(array(\'True\', \'False\'), ');
insert into configuration (configuration_id, configuration_title, configuration_key, configuration_value, configuration_description, configuration_group_id, sort_order, last_modified, date_added, use_function, set_function) values ('561', 'Accept Visa Delta/Debit', 'MODULE_PAYMENT_SAGE_PAY_DIRECT_ALLOW_DELTA', 'True', 'Do you want to accept Visa Delta/Debit payments?', '6', '0', NULL, '2012-10-13 07:35:42', NULL, 'tep_cfg_select_option(array(\'True\', \'False\'), ');
insert into configuration (configuration_id, configuration_title, configuration_key, configuration_value, configuration_description, configuration_group_id, sort_order, last_modified, date_added, use_function, set_function) values ('562', 'Accept Solo', 'MODULE_PAYMENT_SAGE_PAY_DIRECT_ALLOW_SOLO', 'True', 'Do you want to accept Solo payments?', '6', '0', NULL, '2012-10-13 07:35:42', NULL, 'tep_cfg_select_option(array(\'True\', \'False\'), ');
insert into configuration (configuration_id, configuration_title, configuration_key, configuration_value, configuration_description, configuration_group_id, sort_order, last_modified, date_added, use_function, set_function) values ('563', 'Accept Maestro', 'MODULE_PAYMENT_SAGE_PAY_DIRECT_ALLOW_MAESTRO', 'True', 'Do you want to accept Maestro payments?', '6', '0', NULL, '2012-10-13 07:35:42', NULL, 'tep_cfg_select_option(array(\'True\', \'False\'), ');
insert into configuration (configuration_id, configuration_title, configuration_key, configuration_value, configuration_description, configuration_group_id, sort_order, last_modified, date_added, use_function, set_function) values ('564', 'Accept Visa Electron UK Debit', 'MODULE_PAYMENT_SAGE_PAY_DIRECT_ALLOW_UKE', 'True', 'Do you want to accept Visa Electron UK Debit payments?', '6', '0', NULL, '2012-10-13 07:35:42', NULL, 'tep_cfg_select_option(array(\'True\', \'False\'), ');
insert into configuration (configuration_id, configuration_title, configuration_key, configuration_value, configuration_description, configuration_group_id, sort_order, last_modified, date_added, use_function, set_function) values ('565', 'Accept American Express', 'MODULE_PAYMENT_SAGE_PAY_DIRECT_ALLOW_AMEX', 'True', 'Do you want to accept American Express payments?', '6', '0', NULL, '2012-10-13 07:35:42', NULL, 'tep_cfg_select_option(array(\'True\', \'False\'), ');
insert into configuration (configuration_id, configuration_title, configuration_key, configuration_value, configuration_description, configuration_group_id, sort_order, last_modified, date_added, use_function, set_function) values ('566', 'Accept Diners Club', 'MODULE_PAYMENT_SAGE_PAY_DIRECT_ALLOW_DC', 'True', 'Do you want to accept Diners Club payments?', '6', '0', NULL, '2012-10-13 07:35:42', NULL, 'tep_cfg_select_option(array(\'True\', \'False\'), ');
insert into configuration (configuration_id, configuration_title, configuration_key, configuration_value, configuration_description, configuration_group_id, sort_order, last_modified, date_added, use_function, set_function) values ('567', 'Accept Japan Credit Bureau', 'MODULE_PAYMENT_SAGE_PAY_DIRECT_ALLOW_JCB', 'True', 'Do you want to accept Japan Credit Bureau payments?', '6', '0', NULL, '2012-10-13 07:35:42', NULL, 'tep_cfg_select_option(array(\'True\', \'False\'), ');
insert into configuration (configuration_id, configuration_title, configuration_key, configuration_value, configuration_description, configuration_group_id, sort_order, last_modified, date_added, use_function, set_function) values ('568', 'Enable Sage Pay Form Module', 'MODULE_PAYMENT_SAGE_PAY_FORM_STATUS', 'True', 'Do you want to accept Sage Pay Form payments?', '6', '0', NULL, '2012-10-13 07:37:16', NULL, 'tep_cfg_select_option(array(\'True\', \'False\'), ');
insert into configuration (configuration_id, configuration_title, configuration_key, configuration_value, configuration_description, configuration_group_id, sort_order, last_modified, date_added, use_function, set_function) values ('569', 'Vendor Login Name', 'MODULE_PAYMENT_SAGE_PAY_FORM_VENDOR_LOGIN_NAME', '', 'The vendor login name to connect to the gateway with.', '6', '0', NULL, '2012-10-13 07:37:16', NULL, NULL);
insert into configuration (configuration_id, configuration_title, configuration_key, configuration_value, configuration_description, configuration_group_id, sort_order, last_modified, date_added, use_function, set_function) values ('570', 'Encryption Password', 'MODULE_PAYMENT_SAGE_PAY_FORM_ENCRYPTION_PASSWORD', '', 'The encrpytion password to secure transactions with.', '6', '0', NULL, '2012-10-13 07:37:16', NULL, NULL);
insert into configuration (configuration_id, configuration_title, configuration_key, configuration_value, configuration_description, configuration_group_id, sort_order, last_modified, date_added, use_function, set_function) values ('571', 'Transaction Method', 'MODULE_PAYMENT_SAGE_PAY_FORM_TRANSACTION_METHOD', 'Authenticate', 'The processing method to use for each transaction.', '6', '0', NULL, '2012-10-13 07:37:16', NULL, 'tep_cfg_select_option(array(\'Authenticate\', \'Deferred\', \'Payment\'), ');
insert into configuration (configuration_id, configuration_title, configuration_key, configuration_value, configuration_description, configuration_group_id, sort_order, last_modified, date_added, use_function, set_function) values ('572', 'Transaction Server', 'MODULE_PAYMENT_SAGE_PAY_FORM_TRANSACTION_SERVER', 'Live', 'Perform transactions on the production server or on the testing server.', '6', '0', NULL, '2012-10-13 07:37:16', NULL, 'tep_cfg_select_option(array(\'Live\', \'Test\', \'Simulator\'), ');
insert into configuration (configuration_id, configuration_title, configuration_key, configuration_value, configuration_description, configuration_group_id, sort_order, last_modified, date_added, use_function, set_function) values ('573', 'Vendor E-Mail', 'MODULE_PAYMENT_SAGE_PAY_FORM_VENDOR_EMAIL', '', 'An e-mail address on which you can be contacted when a transaction completes. NOTE: If you wish to use multiple email addresses, you should add them using the : (colon) character as a separator. e.g. me@mail1.com:me@mail2.com', '6', '0', NULL, '2012-10-13 07:37:16', NULL, NULL);
insert into configuration (configuration_id, configuration_title, configuration_key, configuration_value, configuration_description, configuration_group_id, sort_order, last_modified, date_added, use_function, set_function) values ('574', 'Send E-Mail', 'MODULE_PAYMENT_SAGE_PAY_FORM_SEND_EMAIL', 'Customer and Vendor', 'Who to send e-mails to.', '6', '0', NULL, '2012-10-13 07:37:16', NULL, 'tep_cfg_select_option(array(\'No One\', \'Customer and Vendor\', \'Vendor Only\'), ');
insert into configuration (configuration_id, configuration_title, configuration_key, configuration_value, configuration_description, configuration_group_id, sort_order, last_modified, date_added, use_function, set_function) values ('575', 'Customer E-Mail Message', 'MODULE_PAYMENT_SAGE_PAY_FORM_CUSTOMER_EMAIL_MESSAGE', '', 'A message to the customer which is inserted into the successful transaction e-mails only.', '6', '0', NULL, '2012-10-13 07:37:16', NULL, 'sage_pay_form_textarea_field(');
insert into configuration (configuration_id, configuration_title, configuration_key, configuration_value, configuration_description, configuration_group_id, sort_order, last_modified, date_added, use_function, set_function) values ('576', 'Sort order of display.', 'MODULE_PAYMENT_SAGE_PAY_FORM_SORT_ORDER', '0', 'Sort order of display. Lowest is displayed first.', '6', '0', NULL, '2012-10-13 07:37:16', NULL, NULL);
insert into configuration (configuration_id, configuration_title, configuration_key, configuration_value, configuration_description, configuration_group_id, sort_order, last_modified, date_added, use_function, set_function) values ('577', 'Payment Zone', 'MODULE_PAYMENT_SAGE_PAY_FORM_ZONE', '0', 'If a zone is selected, only enable this payment method for that zone.', '6', '2', NULL, '2012-10-13 07:37:16', 'tep_get_zone_class_title', 'tep_cfg_pull_down_zone_classes(');
insert into configuration (configuration_id, configuration_title, configuration_key, configuration_value, configuration_description, configuration_group_id, sort_order, last_modified, date_added, use_function, set_function) values ('578', 'Set Order Status', 'MODULE_PAYMENT_SAGE_PAY_FORM_ORDER_STATUS_ID', '0', 'Set the status of orders made with this payment module to this value', '6', '0', NULL, '2012-10-13 07:37:16', 'tep_get_order_status_name', 'tep_cfg_pull_down_order_statuses(');
insert into configuration (configuration_id, configuration_title, configuration_key, configuration_value, configuration_description, configuration_group_id, sort_order, last_modified, date_added, use_function, set_function) values ('579', 'Enable Sage Pay Server Module', 'MODULE_PAYMENT_SAGE_PAY_SERVER_STATUS', 'True', 'Do you want to accept Sage Pay Server payments?', '6', '0', NULL, '2012-10-13 07:38:07', NULL, 'tep_cfg_select_option(array(\'True\', \'False\'), ');
insert into configuration (configuration_id, configuration_title, configuration_key, configuration_value, configuration_description, configuration_group_id, sort_order, last_modified, date_added, use_function, set_function) values ('580', 'Vendor Login Name', 'MODULE_PAYMENT_SAGE_PAY_SERVER_VENDOR_LOGIN_NAME', '', 'The vendor login name to connect to the gateway with.', '6', '0', NULL, '2012-10-13 07:38:07', NULL, NULL);
insert into configuration (configuration_id, configuration_title, configuration_key, configuration_value, configuration_description, configuration_group_id, sort_order, last_modified, date_added, use_function, set_function) values ('581', 'Profile Payment Page', 'MODULE_PAYMENT_SAGE_PAY_SERVER_PROFILE_PAGE', 'Normal', 'Profile page to use for the payment page.', '6', '0', NULL, '2012-10-13 07:38:07', NULL, 'tep_cfg_select_option(array(\'Normal\', \'Low\'), ');
insert into configuration (configuration_id, configuration_title, configuration_key, configuration_value, configuration_description, configuration_group_id, sort_order, last_modified, date_added, use_function, set_function) values ('582', 'Transaction Method', 'MODULE_PAYMENT_SAGE_PAY_SERVER_TRANSACTION_METHOD', 'Authenticate', 'The processing method to use for each transaction.', '6', '0', NULL, '2012-10-13 07:38:07', NULL, 'tep_cfg_select_option(array(\'Authenticate\', \'Deferred\', \'Payment\'), ');
insert into configuration (configuration_id, configuration_title, configuration_key, configuration_value, configuration_description, configuration_group_id, sort_order, last_modified, date_added, use_function, set_function) values ('583', 'Transaction Server', 'MODULE_PAYMENT_SAGE_PAY_SERVER_TRANSACTION_SERVER', 'Live', 'Perform transactions on the production server or on the testing server.', '6', '0', NULL, '2012-10-13 07:38:07', NULL, 'tep_cfg_select_option(array(\'Live\', \'Test\', \'Simulator\'), ');
insert into configuration (configuration_id, configuration_title, configuration_key, configuration_value, configuration_description, configuration_group_id, sort_order, last_modified, date_added, use_function, set_function) values ('584', 'Sort order of display.', 'MODULE_PAYMENT_SAGE_PAY_SERVER_SORT_ORDER', '0', 'Sort order of display. Lowest is displayed first.', '6', '0', NULL, '2012-10-13 07:38:07', NULL, NULL);
insert into configuration (configuration_id, configuration_title, configuration_key, configuration_value, configuration_description, configuration_group_id, sort_order, last_modified, date_added, use_function, set_function) values ('585', 'Payment Zone', 'MODULE_PAYMENT_SAGE_PAY_SERVER_ZONE', '0', 'If a zone is selected, only enable this payment method for that zone.', '6', '2', NULL, '2012-10-13 07:38:07', 'tep_get_zone_class_title', 'tep_cfg_pull_down_zone_classes(');
insert into configuration (configuration_id, configuration_title, configuration_key, configuration_value, configuration_description, configuration_group_id, sort_order, last_modified, date_added, use_function, set_function) values ('586', 'Set Order Status', 'MODULE_PAYMENT_SAGE_PAY_SERVER_ORDER_STATUS_ID', '0', 'Set the status of orders made with this payment module to this value', '6', '0', NULL, '2012-10-13 07:38:07', 'tep_get_order_status_name', 'tep_cfg_pull_down_order_statuses(');
insert into configuration (configuration_id, configuration_title, configuration_key, configuration_value, configuration_description, configuration_group_id, sort_order, last_modified, date_added, use_function, set_function) values ('587', 'cURL Program Location', 'MODULE_PAYMENT_SAGE_PAY_SERVER_CURL', '/usr/bin/curl', 'The location to the cURL program application.', '6', '0', NULL, '2012-10-13 07:38:07', NULL, NULL);
insert into configuration (configuration_id, configuration_title, configuration_key, configuration_value, configuration_description, configuration_group_id, sort_order, last_modified, date_added, use_function, set_function) values ('623', 'Enable inpay on your webshop?', 'MODULE_PAYMENT_INPAY_STATUS', 'True', '', '6', '0', NULL, '2012-10-13 09:11:08', NULL, 'tep_cfg_select_option(array(\'True\', \'False\'), ');
insert into configuration (configuration_id, configuration_title, configuration_key, configuration_value, configuration_description, configuration_group_id, sort_order, last_modified, date_added, use_function, set_function) values ('624', 'Gateway Server', 'MODULE_PAYMENT_INPAY_GATEWAY_SERVER', 'Production', 'Use the testing or production gateway server for transactions', '6', '1', NULL, '2012-10-13 09:11:08', NULL, 'tep_cfg_select_option(array(\'Production\', \'Test\'), ');
insert into configuration (configuration_id, configuration_title, configuration_key, configuration_value, configuration_description, configuration_group_id, sort_order, last_modified, date_added, use_function, set_function) values ('625', 'Your merchant id', 'MODULE_PAYMENT_INPAY_MERCHANT_ID', '', 'Your merchant unique identifier (supplied by inpay)', '6', '2', NULL, '2012-10-13 09:11:08', NULL, NULL);
insert into configuration (configuration_id, configuration_title, configuration_key, configuration_value, configuration_description, configuration_group_id, sort_order, last_modified, date_added, use_function, set_function) values ('626', 'Your secret key', 'MODULE_PAYMENT_INPAY_SECRET_KEY', '', 'Your secret key (supplied by inpay)', '6', '3', NULL, '2012-10-13 09:11:08', NULL, NULL);
insert into configuration (configuration_id, configuration_title, configuration_key, configuration_value, configuration_description, configuration_group_id, sort_order, last_modified, date_added, use_function, set_function) values ('627', 'Flow Layout', 'MODULE_PAYMENT_INPAY_FLOW_LAYOUT', 'multi_page', 'Layout for the buyer flow', '6', '4', NULL, '2012-10-13 09:11:08', NULL, NULL);
insert into configuration (configuration_id, configuration_title, configuration_key, configuration_value, configuration_description, configuration_group_id, sort_order, last_modified, date_added, use_function, set_function) values ('628', 'Decrease stock on payment creation', 'MODULE_PAYMENT_INPAY_DECREASE_STOCK_ON_CREATION', 'True', 'Do you want to decrease stock upon payment creation?', '6', '5', NULL, '2012-10-13 09:11:08', NULL, 'tep_cfg_select_option(array(\'True\', \'False\'), ');
insert into configuration (configuration_id, configuration_title, configuration_key, configuration_value, configuration_description, configuration_group_id, sort_order, last_modified, date_added, use_function, set_function) values ('629', 'Debug E-Mail Address', 'MODULE_PAYMENT_INPAY_DEBUG_EMAIL', '', 'All parameters of an Invalid IPN notification will be sent to this email address if one is entered.', '6', '6', NULL, '2012-10-13 09:11:08', NULL, NULL);
insert into configuration (configuration_id, configuration_title, configuration_key, configuration_value, configuration_description, configuration_group_id, sort_order, last_modified, date_added, use_function, set_function) values ('630', 'Payment Zone', 'MODULE_PAYMENT_INPAY_ZONE', '0', 'If a zone is selected, only enable this payment method for that zone.', '6', '7', NULL, '2012-10-13 09:11:08', 'tep_get_zone_class_title', 'tep_cfg_pull_down_zone_classes(');
insert into configuration (configuration_id, configuration_title, configuration_key, configuration_value, configuration_description, configuration_group_id, sort_order, last_modified, date_added, use_function, set_function) values ('631', 'Sort order of display.', 'MODULE_PAYMENT_INPAY_SORT_ORDER', '0', 'Sort order of display. Lowest is displayed first.', '6', '8', NULL, '2012-10-13 09:11:08', NULL, NULL);
insert into configuration (configuration_id, configuration_title, configuration_key, configuration_value, configuration_description, configuration_group_id, sort_order, last_modified, date_added, use_function, set_function) values ('632', 'Set inpay Acknowledged Order Status', 'MODULE_PAYMENT_INPAY_CREATE_ORDER_STATUS_ID', '9', 'Set the status of orders made with this payment module to this value', '6', '9', NULL, '2012-10-13 09:11:08', 'tep_get_order_status_name', 'tep_cfg_pull_down_order_statuses(');
insert into configuration (configuration_id, configuration_title, configuration_key, configuration_value, configuration_description, configuration_group_id, sort_order, last_modified, date_added, use_function, set_function) values ('633', 'Set inpay sum too low Order Status', 'MODULE_PAYMENT_INPAY_SUM_TOO_LOW_ORDER_STATUS_ID', '10', 'Set the status of orders which are paid with insufficient fund (sum too low) to this value', '6', '10', NULL, '2012-10-13 09:11:08', 'tep_get_order_status_name', 'tep_cfg_pull_down_order_statuses(');
insert into configuration (configuration_id, configuration_title, configuration_key, configuration_value, configuration_description, configuration_group_id, sort_order, last_modified, date_added, use_function, set_function) values ('634', 'Set inpay Completed Order Status', 'MODULE_PAYMENT_INPAY_COMP_ORDER_STATUS_ID', '11', 'Set the status of orders which are confirmed as paid (approved) to this value', '6', '11', NULL, '2012-10-13 09:11:08', 'tep_get_order_status_name', 'tep_cfg_pull_down_order_statuses(');
insert into configuration (configuration_id, configuration_title, configuration_key, configuration_value, configuration_description, configuration_group_id, sort_order, last_modified, date_added, use_function, set_function) values ('635', 'Enable PSiGate Module', 'MODULE_PAYMENT_PSIGATE_STATUS', 'True', 'Do you want to accept PSiGate payments?', '6', '1', NULL, '2012-10-13 09:11:40', NULL, 'tep_cfg_select_option(array(\'True\', \'False\'), ');
insert into configuration (configuration_id, configuration_title, configuration_key, configuration_value, configuration_description, configuration_group_id, sort_order, last_modified, date_added, use_function, set_function) values ('636', 'Merchant ID', 'MODULE_PAYMENT_PSIGATE_MERCHANT_ID', 'teststorewithcard', 'Merchant ID used for the PSiGate service', '6', '2', NULL, '2012-10-13 09:11:40', NULL, NULL);
insert into configuration (configuration_id, configuration_title, configuration_key, configuration_value, configuration_description, configuration_group_id, sort_order, last_modified, date_added, use_function, set_function) values ('637', 'Transaction Mode', 'MODULE_PAYMENT_PSIGATE_TRANSACTION_MODE', 'Always Good', 'Transaction mode to use for the PSiGate service', '6', '3', NULL, '2012-10-13 09:11:40', NULL, 'tep_cfg_select_option(array(\'Production\', \'Always Good\', \'Always Duplicate\', \'Always Decline\'), ');
insert into configuration (configuration_id, configuration_title, configuration_key, configuration_value, configuration_description, configuration_group_id, sort_order, last_modified, date_added, use_function, set_function) values ('638', 'Transaction Type', 'MODULE_PAYMENT_PSIGATE_TRANSACTION_TYPE', 'PreAuth', 'Transaction type to use for the PSiGate service', '6', '4', NULL, '2012-10-13 09:11:40', NULL, 'tep_cfg_select_option(array(\'Sale\', \'PreAuth\', \'PostAuth\'), ');
insert into configuration (configuration_id, configuration_title, configuration_key, configuration_value, configuration_description, configuration_group_id, sort_order, last_modified, date_added, use_function, set_function) values ('639', 'Credit Card Collection', 'MODULE_PAYMENT_PSIGATE_INPUT_MODE', 'Local', 'Should the credit card details be collected locally or remotely at PSiGate?', '6', '5', NULL, '2012-10-13 09:11:40', NULL, 'tep_cfg_select_option(array(\'Local\', \'Remote\'), ');
insert into configuration (configuration_id, configuration_title, configuration_key, configuration_value, configuration_description, configuration_group_id, sort_order, last_modified, date_added, use_function, set_function) values ('640', 'Transaction Currency', 'MODULE_PAYMENT_PSIGATE_CURRENCY', 'USD', 'The currency to use for credit card transactions', '6', '6', NULL, '2012-10-13 09:11:40', NULL, 'tep_cfg_select_option(array(\'CAD\', \'USD\'), ');
insert into configuration (configuration_id, configuration_title, configuration_key, configuration_value, configuration_description, configuration_group_id, sort_order, last_modified, date_added, use_function, set_function) values ('641', 'Sort order of display.', 'MODULE_PAYMENT_PSIGATE_SORT_ORDER', '0', 'Sort order of display. Lowest is displayed first.', '6', '0', NULL, '2012-10-13 09:11:40', NULL, NULL);
insert into configuration (configuration_id, configuration_title, configuration_key, configuration_value, configuration_description, configuration_group_id, sort_order, last_modified, date_added, use_function, set_function) values ('642', 'Payment Zone', 'MODULE_PAYMENT_PSIGATE_ZONE', '0', 'If a zone is selected, only enable this payment method for that zone.', '6', '2', NULL, '2012-10-13 09:11:40', 'tep_get_zone_class_title', 'tep_cfg_pull_down_zone_classes(');
insert into configuration (configuration_id, configuration_title, configuration_key, configuration_value, configuration_description, configuration_group_id, sort_order, last_modified, date_added, use_function, set_function) values ('643', 'Set Order Status', 'MODULE_PAYMENT_PSIGATE_ORDER_STATUS_ID', '0', 'Set the status of orders made with this payment module to this value', '6', '0', NULL, '2012-10-13 09:11:40', 'tep_get_order_status_name', 'tep_cfg_pull_down_order_statuses(');
insert into configuration (configuration_id, configuration_title, configuration_key, configuration_value, configuration_description, configuration_group_id, sort_order, last_modified, date_added, use_function, set_function) values ('644', 'Sofortberweisung direkter Modus aktivieren', 'MODULE_PAYMENT_SOFORTUEBERWEISUNG_DIRECT_STATUS', 'True', 'Bezahlung per Sofortberweisung acceptieren?', '6', '1', NULL, '2012-10-13 09:13:39', NULL, 'tep_cfg_select_option(array(\'True\', \'False\'), ');
insert into configuration (configuration_id, configuration_title, configuration_key, configuration_value, configuration_description, configuration_group_id, sort_order, last_modified, date_added, use_function, set_function) values ('645', 'Kundennummer:', 'MODULE_PAYMENT_SOFORTUEBERWEISUNG_DIRECT_KDNR', '10000', 'Ihre Kundennummer bei der Sofortberweisung', '6', '1', NULL, '2012-10-13 09:13:39', NULL, NULL);
insert into configuration (configuration_id, configuration_title, configuration_key, configuration_value, configuration_description, configuration_group_id, sort_order, last_modified, date_added, use_function, set_function) values ('646', 'Projektnummer:', 'MODULE_PAYMENT_SOFORTUEBERWEISUNG_DIRECT_PROJEKT', '500000', 'Die verantwortliche Projektnummer bei der Sofortberweisung, zu der die Zahlung gehrt', '6', '1', NULL, '2012-10-13 09:13:39', NULL, NULL);
insert into configuration (configuration_id, configuration_title, configuration_key, configuration_value, configuration_description, configuration_group_id, sort_order, last_modified, date_added, use_function, set_function) values ('647', 'Input-Passwort:', 'MODULE_PAYMENT_SOFORTUEBERWEISUNG_DIRECT_INPUT_PASSWORT', '', 'Das Input-Passwort (unter Nicht nderbare Parameter / Input-Passwort)', '6', '1', NULL, '2012-10-13 09:13:39', NULL, NULL);
insert into configuration (configuration_id, configuration_title, configuration_key, configuration_value, configuration_description, configuration_group_id, sort_order, last_modified, date_added, use_function, set_function) values ('648', 'Benachrichtigung-Passwort:', 'MODULE_PAYMENT_SOFORTUEBERWEISUNG_DIRECT_BNA_PASSWORT', '', 'Das Benachrichtigung-Passwort (unter Benachrichtigungen festlegen)', '6', '1', NULL, '2012-10-13 09:13:39', NULL, NULL);
insert into configuration (configuration_id, configuration_title, configuration_key, configuration_value, configuration_description, configuration_group_id, sort_order, last_modified, date_added, use_function, set_function) values ('649', 'Contentpasswort:', 'MODULE_PAYMENT_SOFORTUEBERWEISUNG_DIRECT_CNT_PASSWORT', '', 'Das Contentpasswort (unter Content-Passwort)', '6', '1', NULL, '2012-10-13 09:13:39', NULL, NULL);
insert into configuration (configuration_id, configuration_title, configuration_key, configuration_value, configuration_description, configuration_group_id, sort_order, last_modified, date_added, use_function, set_function) values ('650', 'Sort order of display.', 'MODULE_PAYMENT_SOFORTUEBERWEISUNG_DIRECT_SORT_ORDER', '0', 'Sort order of display. Lowest is displayed first.', '6', '0', NULL, '2012-10-13 09:13:39', NULL, NULL);
insert into configuration (configuration_id, configuration_title, configuration_key, configuration_value, configuration_description, configuration_group_id, sort_order, last_modified, date_added, use_function, set_function) values ('651', 'Payment Zone', 'MODULE_PAYMENT_SOFORTUEBERWEISUNG_DIRECT_ZONE', '0', 'If a zone is selected, only enable this payment method for that zone.', '6', '2', NULL, '2012-10-13 09:13:39', 'tep_get_zone_class_title', 'tep_cfg_pull_down_zone_classes(');
insert into configuration (configuration_id, configuration_title, configuration_key, configuration_value, configuration_description, configuration_group_id, sort_order, last_modified, date_added, use_function, set_function) values ('652', 'Set Preparing Order Status', 'MODULE_PAYMENT_SOFORTUEBERWEISUNG_DIRECT_PREPARE_ORDER_STATUS_ID', '8', 'Order Status vor Eingang Bestellung', '6', '0', NULL, '2012-10-13 09:13:39', 'tep_get_order_status_name', 'tep_cfg_pull_down_order_statuses(');
insert into configuration (configuration_id, configuration_title, configuration_key, configuration_value, configuration_description, configuration_group_id, sort_order, last_modified, date_added, use_function, set_function) values ('653', 'Set Order Status', 'MODULE_PAYMENT_SOFORTUEBERWEISUNG_DIRECT_ORDER_STATUS_ID', '0', 'Order Status nach Eingang Bestellung', '6', '0', NULL, '2012-10-13 09:13:39', 'tep_get_order_status_name', 'tep_cfg_pull_down_order_statuses(');
insert into configuration (configuration_id, configuration_title, configuration_key, configuration_value, configuration_description, configuration_group_id, sort_order, last_modified, date_added, use_function, set_function) values ('654', 'Store Transactiondetails', 'MODULE_PAYMENT_SOFORTUEBERWEISUNG_DIRECT_STORE_TRANSACTION_DETAILS', 'True', 'Transactionsdetails bei Benachrichtigung in das Kommentarfeld speichern (zum debuggen, ist fr Kunden via Konto sichtbar)', '6', '2', NULL, '2012-10-13 09:13:39', NULL, 'tep_cfg_select_option(array(\'True\', \'False\'), ');
insert into configuration (configuration_id, configuration_title, configuration_key, configuration_value, configuration_description, configuration_group_id, sort_order, last_modified, date_added, use_function, set_function) values ('655', 'Enable Best Sellers Module', 'MODULE_BOXES_BEST_SELLERS_STATUS', 'True', 'Do you want to add the module to your shop?', '6', '1', NULL, '2012-11-23 07:29:50', NULL, 'tep_cfg_select_option(array(\'True\', \'False\'), ');
insert into configuration (configuration_id, configuration_title, configuration_key, configuration_value, configuration_description, configuration_group_id, sort_order, last_modified, date_added, use_function, set_function) values ('656', 'Content Placement', 'MODULE_BOXES_BEST_SELLERS_CONTENT_PLACEMENT', 'Left Column', 'Should the module be loaded in the left or right column?', '6', '1', NULL, '2012-11-23 07:29:50', NULL, 'tep_cfg_select_option(array(\'Left Column\', \'Right Column\'), ');
insert into configuration (configuration_id, configuration_title, configuration_key, configuration_value, configuration_description, configuration_group_id, sort_order, last_modified, date_added, use_function, set_function) values ('657', 'Sort Order', 'MODULE_BOXES_BEST_SELLERS_SORT_ORDER', '1200', 'Sort order of display. Lowest is displayed first.', '6', '0', NULL, '2012-11-23 07:29:50', NULL, NULL);
drop table if exists configuration_group;
create table configuration_group (
  configuration_group_id int(11) not null auto_increment,
  configuration_group_title varchar(64) not null ,
  configuration_group_description varchar(255) not null ,
  sort_order int(5) ,
  visible int(1) default '1' ,
  PRIMARY KEY (configuration_group_id)
);

insert into configuration_group (configuration_group_id, configuration_group_title, configuration_group_description, sort_order, visible) values ('1', 'My Store', 'General information about my store', '1', '1');
insert into configuration_group (configuration_group_id, configuration_group_title, configuration_group_description, sort_order, visible) values ('2', 'Minimum Values', 'The minimum values for functions / data', '2', '1');
insert into configuration_group (configuration_group_id, configuration_group_title, configuration_group_description, sort_order, visible) values ('3', 'Maximum Values', 'The maximum values for functions / data', '3', '1');
insert into configuration_group (configuration_group_id, configuration_group_title, configuration_group_description, sort_order, visible) values ('4', 'Images', 'Image parameters', '4', '1');
insert into configuration_group (configuration_group_id, configuration_group_title, configuration_group_description, sort_order, visible) values ('5', 'Customer Details', 'Customer account configuration', '5', '1');
insert into configuration_group (configuration_group_id, configuration_group_title, configuration_group_description, sort_order, visible) values ('6', 'Module Options', 'Hidden from configuration', '6', '0');
insert into configuration_group (configuration_group_id, configuration_group_title, configuration_group_description, sort_order, visible) values ('7', 'Shipping/Packaging', 'Shipping options available at my store', '7', '1');
insert into configuration_group (configuration_group_id, configuration_group_title, configuration_group_description, sort_order, visible) values ('8', 'Product Listing', 'Product Listing    configuration options', '8', '1');
insert into configuration_group (configuration_group_id, configuration_group_title, configuration_group_description, sort_order, visible) values ('9', 'Stock', 'Stock configuration options', '9', '1');
insert into configuration_group (configuration_group_id, configuration_group_title, configuration_group_description, sort_order, visible) values ('10', 'Logging', 'Logging configuration options', '10', '1');
insert into configuration_group (configuration_group_id, configuration_group_title, configuration_group_description, sort_order, visible) values ('11', 'Cache', 'Caching configuration options', '11', '1');
insert into configuration_group (configuration_group_id, configuration_group_title, configuration_group_description, sort_order, visible) values ('12', 'E-Mail Options', 'General setting for E-Mail transport and HTML E-Mails', '12', '1');
insert into configuration_group (configuration_group_id, configuration_group_title, configuration_group_description, sort_order, visible) values ('13', 'Download', 'Downloadable products options', '13', '1');
insert into configuration_group (configuration_group_id, configuration_group_title, configuration_group_description, sort_order, visible) values ('14', 'GZip Compression', 'GZip compression options', '14', '1');
insert into configuration_group (configuration_group_id, configuration_group_title, configuration_group_description, sort_order, visible) values ('15', 'Sessions', 'Session options', '15', '1');
insert into configuration_group (configuration_group_id, configuration_group_title, configuration_group_description, sort_order, visible) values ('18', 'Featured', 'Featured Products Display', '18', '1');
drop table if exists counter;
create table counter (
  startdate char(8) ,
  counter int(12) 
);

insert into counter (startdate, counter) values ('20120825', '4608');
drop table if exists counter_history;
create table counter_history (
  month char(8) ,
  counter int(12) 
);

drop table if exists countries;
create table countries (
  countries_id int(11) not null auto_increment,
  countries_name varchar(255) not null ,
  countries_iso_code_2 char(2) not null ,
  countries_iso_code_3 char(3) not null ,
  address_format_id int(11) not null ,
  PRIMARY KEY (countries_id),
  KEY IDX_COUNTRIES_NAME (countries_name)
);

insert into countries (countries_id, countries_name, countries_iso_code_2, countries_iso_code_3, address_format_id) values ('1', 'Afghanistan', 'AF', 'AFG', '1');
insert into countries (countries_id, countries_name, countries_iso_code_2, countries_iso_code_3, address_format_id) values ('2', 'Albania', 'AL', 'ALB', '1');
insert into countries (countries_id, countries_name, countries_iso_code_2, countries_iso_code_3, address_format_id) values ('3', 'Algeria', 'DZ', 'DZA', '1');
insert into countries (countries_id, countries_name, countries_iso_code_2, countries_iso_code_3, address_format_id) values ('4', 'American Samoa', 'AS', 'ASM', '1');
insert into countries (countries_id, countries_name, countries_iso_code_2, countries_iso_code_3, address_format_id) values ('5', 'Andorra', 'AD', 'AND', '1');
insert into countries (countries_id, countries_name, countries_iso_code_2, countries_iso_code_3, address_format_id) values ('6', 'Angola', 'AO', 'AGO', '1');
insert into countries (countries_id, countries_name, countries_iso_code_2, countries_iso_code_3, address_format_id) values ('7', 'Anguilla', 'AI', 'AIA', '1');
insert into countries (countries_id, countries_name, countries_iso_code_2, countries_iso_code_3, address_format_id) values ('8', 'Antarctica', 'AQ', 'ATA', '1');
insert into countries (countries_id, countries_name, countries_iso_code_2, countries_iso_code_3, address_format_id) values ('9', 'Antigua and Barbuda', 'AG', 'ATG', '1');
insert into countries (countries_id, countries_name, countries_iso_code_2, countries_iso_code_3, address_format_id) values ('10', 'Argentina', 'AR', 'ARG', '1');
insert into countries (countries_id, countries_name, countries_iso_code_2, countries_iso_code_3, address_format_id) values ('11', 'Armenia', 'AM', 'ARM', '1');
insert into countries (countries_id, countries_name, countries_iso_code_2, countries_iso_code_3, address_format_id) values ('12', 'Aruba', 'AW', 'ABW', '1');
insert into countries (countries_id, countries_name, countries_iso_code_2, countries_iso_code_3, address_format_id) values ('13', 'Australia', 'AU', 'AUS', '1');
insert into countries (countries_id, countries_name, countries_iso_code_2, countries_iso_code_3, address_format_id) values ('14', 'Austria', 'AT', 'AUT', '5');
insert into countries (countries_id, countries_name, countries_iso_code_2, countries_iso_code_3, address_format_id) values ('15', 'Azerbaijan', 'AZ', 'AZE', '1');
insert into countries (countries_id, countries_name, countries_iso_code_2, countries_iso_code_3, address_format_id) values ('16', 'Bahamas', 'BS', 'BHS', '1');
insert into countries (countries_id, countries_name, countries_iso_code_2, countries_iso_code_3, address_format_id) values ('17', 'Bahrain', 'BH', 'BHR', '1');
insert into countries (countries_id, countries_name, countries_iso_code_2, countries_iso_code_3, address_format_id) values ('18', 'Bangladesh', 'BD', 'BGD', '1');
insert into countries (countries_id, countries_name, countries_iso_code_2, countries_iso_code_3, address_format_id) values ('19', 'Barbados', 'BB', 'BRB', '1');
insert into countries (countries_id, countries_name, countries_iso_code_2, countries_iso_code_3, address_format_id) values ('20', 'Belarus', 'BY', 'BLR', '1');
insert into countries (countries_id, countries_name, countries_iso_code_2, countries_iso_code_3, address_format_id) values ('21', 'Belgium', 'BE', 'BEL', '1');
insert into countries (countries_id, countries_name, countries_iso_code_2, countries_iso_code_3, address_format_id) values ('22', 'Belize', 'BZ', 'BLZ', '1');
insert into countries (countries_id, countries_name, countries_iso_code_2, countries_iso_code_3, address_format_id) values ('23', 'Benin', 'BJ', 'BEN', '1');
insert into countries (countries_id, countries_name, countries_iso_code_2, countries_iso_code_3, address_format_id) values ('24', 'Bermuda', 'BM', 'BMU', '1');
insert into countries (countries_id, countries_name, countries_iso_code_2, countries_iso_code_3, address_format_id) values ('25', 'Bhutan', 'BT', 'BTN', '1');
insert into countries (countries_id, countries_name, countries_iso_code_2, countries_iso_code_3, address_format_id) values ('26', 'Bolivia', 'BO', 'BOL', '1');
insert into countries (countries_id, countries_name, countries_iso_code_2, countries_iso_code_3, address_format_id) values ('27', 'Bosnia and Herzegowina', 'BA', 'BIH', '1');
insert into countries (countries_id, countries_name, countries_iso_code_2, countries_iso_code_3, address_format_id) values ('28', 'Botswana', 'BW', 'BWA', '1');
insert into countries (countries_id, countries_name, countries_iso_code_2, countries_iso_code_3, address_format_id) values ('29', 'Bouvet Island', 'BV', 'BVT', '1');
insert into countries (countries_id, countries_name, countries_iso_code_2, countries_iso_code_3, address_format_id) values ('30', 'Brazil', 'BR', 'BRA', '1');
insert into countries (countries_id, countries_name, countries_iso_code_2, countries_iso_code_3, address_format_id) values ('31', 'British Indian Ocean Territory', 'IO', 'IOT', '1');
insert into countries (countries_id, countries_name, countries_iso_code_2, countries_iso_code_3, address_format_id) values ('32', 'Brunei Darussalam', 'BN', 'BRN', '1');
insert into countries (countries_id, countries_name, countries_iso_code_2, countries_iso_code_3, address_format_id) values ('33', 'Bulgaria', 'BG', 'BGR', '1');
insert into countries (countries_id, countries_name, countries_iso_code_2, countries_iso_code_3, address_format_id) values ('34', 'Burkina Faso', 'BF', 'BFA', '1');
insert into countries (countries_id, countries_name, countries_iso_code_2, countries_iso_code_3, address_format_id) values ('35', 'Burundi', 'BI', 'BDI', '1');
insert into countries (countries_id, countries_name, countries_iso_code_2, countries_iso_code_3, address_format_id) values ('36', 'Cambodia', 'KH', 'KHM', '1');
insert into countries (countries_id, countries_name, countries_iso_code_2, countries_iso_code_3, address_format_id) values ('37', 'Cameroon', 'CM', 'CMR', '1');
insert into countries (countries_id, countries_name, countries_iso_code_2, countries_iso_code_3, address_format_id) values ('38', 'Canada', 'CA', 'CAN', '1');
insert into countries (countries_id, countries_name, countries_iso_code_2, countries_iso_code_3, address_format_id) values ('39', 'Cape Verde', 'CV', 'CPV', '1');
insert into countries (countries_id, countries_name, countries_iso_code_2, countries_iso_code_3, address_format_id) values ('40', 'Cayman Islands', 'KY', 'CYM', '1');
insert into countries (countries_id, countries_name, countries_iso_code_2, countries_iso_code_3, address_format_id) values ('41', 'Central African Republic', 'CF', 'CAF', '1');
insert into countries (countries_id, countries_name, countries_iso_code_2, countries_iso_code_3, address_format_id) values ('42', 'Chad', 'TD', 'TCD', '1');
insert into countries (countries_id, countries_name, countries_iso_code_2, countries_iso_code_3, address_format_id) values ('43', 'Chile', 'CL', 'CHL', '1');
insert into countries (countries_id, countries_name, countries_iso_code_2, countries_iso_code_3, address_format_id) values ('44', 'China', 'CN', 'CHN', '1');
insert into countries (countries_id, countries_name, countries_iso_code_2, countries_iso_code_3, address_format_id) values ('45', 'Christmas Island', 'CX', 'CXR', '1');
insert into countries (countries_id, countries_name, countries_iso_code_2, countries_iso_code_3, address_format_id) values ('46', 'Cocos (Keeling) Islands', 'CC', 'CCK', '1');
insert into countries (countries_id, countries_name, countries_iso_code_2, countries_iso_code_3, address_format_id) values ('47', 'Colombia', 'CO', 'COL', '1');
insert into countries (countries_id, countries_name, countries_iso_code_2, countries_iso_code_3, address_format_id) values ('48', 'Comoros', 'KM', 'COM', '1');
insert into countries (countries_id, countries_name, countries_iso_code_2, countries_iso_code_3, address_format_id) values ('49', 'Congo', 'CG', 'COG', '1');
insert into countries (countries_id, countries_name, countries_iso_code_2, countries_iso_code_3, address_format_id) values ('50', 'Cook Islands', 'CK', 'COK', '1');
insert into countries (countries_id, countries_name, countries_iso_code_2, countries_iso_code_3, address_format_id) values ('51', 'Costa Rica', 'CR', 'CRI', '1');
insert into countries (countries_id, countries_name, countries_iso_code_2, countries_iso_code_3, address_format_id) values ('52', 'Cote D\'Ivoire', 'CI', 'CIV', '1');
insert into countries (countries_id, countries_name, countries_iso_code_2, countries_iso_code_3, address_format_id) values ('53', 'Croatia', 'HR', 'HRV', '1');
insert into countries (countries_id, countries_name, countries_iso_code_2, countries_iso_code_3, address_format_id) values ('54', 'Cuba', 'CU', 'CUB', '1');
insert into countries (countries_id, countries_name, countries_iso_code_2, countries_iso_code_3, address_format_id) values ('55', 'Cyprus', 'CY', 'CYP', '1');
insert into countries (countries_id, countries_name, countries_iso_code_2, countries_iso_code_3, address_format_id) values ('56', 'Czech Republic', 'CZ', 'CZE', '1');
insert into countries (countries_id, countries_name, countries_iso_code_2, countries_iso_code_3, address_format_id) values ('57', 'Denmark', 'DK', 'DNK', '1');
insert into countries (countries_id, countries_name, countries_iso_code_2, countries_iso_code_3, address_format_id) values ('58', 'Djibouti', 'DJ', 'DJI', '1');
insert into countries (countries_id, countries_name, countries_iso_code_2, countries_iso_code_3, address_format_id) values ('59', 'Dominica', 'DM', 'DMA', '1');
insert into countries (countries_id, countries_name, countries_iso_code_2, countries_iso_code_3, address_format_id) values ('60', 'Dominican Republic', 'DO', 'DOM', '1');
insert into countries (countries_id, countries_name, countries_iso_code_2, countries_iso_code_3, address_format_id) values ('61', 'East Timor', 'TP', 'TMP', '1');
insert into countries (countries_id, countries_name, countries_iso_code_2, countries_iso_code_3, address_format_id) values ('62', 'Ecuador', 'EC', 'ECU', '1');
insert into countries (countries_id, countries_name, countries_iso_code_2, countries_iso_code_3, address_format_id) values ('63', 'Egypt', 'EG', 'EGY', '1');
insert into countries (countries_id, countries_name, countries_iso_code_2, countries_iso_code_3, address_format_id) values ('64', 'El Salvador', 'SV', 'SLV', '1');
insert into countries (countries_id, countries_name, countries_iso_code_2, countries_iso_code_3, address_format_id) values ('65', 'Equatorial Guinea', 'GQ', 'GNQ', '1');
insert into countries (countries_id, countries_name, countries_iso_code_2, countries_iso_code_3, address_format_id) values ('66', 'Eritrea', 'ER', 'ERI', '1');
insert into countries (countries_id, countries_name, countries_iso_code_2, countries_iso_code_3, address_format_id) values ('67', 'Estonia', 'EE', 'EST', '1');
insert into countries (countries_id, countries_name, countries_iso_code_2, countries_iso_code_3, address_format_id) values ('68', 'Ethiopia', 'ET', 'ETH', '1');
insert into countries (countries_id, countries_name, countries_iso_code_2, countries_iso_code_3, address_format_id) values ('69', 'Falkland Islands (Malvinas)', 'FK', 'FLK', '1');
insert into countries (countries_id, countries_name, countries_iso_code_2, countries_iso_code_3, address_format_id) values ('70', 'Faroe Islands', 'FO', 'FRO', '1');
insert into countries (countries_id, countries_name, countries_iso_code_2, countries_iso_code_3, address_format_id) values ('71', 'Fiji', 'FJ', 'FJI', '1');
insert into countries (countries_id, countries_name, countries_iso_code_2, countries_iso_code_3, address_format_id) values ('72', 'Finland', 'FI', 'FIN', '1');
insert into countries (countries_id, countries_name, countries_iso_code_2, countries_iso_code_3, address_format_id) values ('73', 'France', 'FR', 'FRA', '1');
insert into countries (countries_id, countries_name, countries_iso_code_2, countries_iso_code_3, address_format_id) values ('74', 'France, Metropolitan', 'FX', 'FXX', '1');
insert into countries (countries_id, countries_name, countries_iso_code_2, countries_iso_code_3, address_format_id) values ('75', 'French Guiana', 'GF', 'GUF', '1');
insert into countries (countries_id, countries_name, countries_iso_code_2, countries_iso_code_3, address_format_id) values ('76', 'French Polynesia', 'PF', 'PYF', '1');
insert into countries (countries_id, countries_name, countries_iso_code_2, countries_iso_code_3, address_format_id) values ('77', 'French Southern Territories', 'TF', 'ATF', '1');
insert into countries (countries_id, countries_name, countries_iso_code_2, countries_iso_code_3, address_format_id) values ('78', 'Gabon', 'GA', 'GAB', '1');
insert into countries (countries_id, countries_name, countries_iso_code_2, countries_iso_code_3, address_format_id) values ('79', 'Gambia', 'GM', 'GMB', '1');
insert into countries (countries_id, countries_name, countries_iso_code_2, countries_iso_code_3, address_format_id) values ('80', 'Georgia', 'GE', 'GEO', '1');
insert into countries (countries_id, countries_name, countries_iso_code_2, countries_iso_code_3, address_format_id) values ('81', 'Germany', 'DE', 'DEU', '5');
insert into countries (countries_id, countries_name, countries_iso_code_2, countries_iso_code_3, address_format_id) values ('82', 'Ghana', 'GH', 'GHA', '1');
insert into countries (countries_id, countries_name, countries_iso_code_2, countries_iso_code_3, address_format_id) values ('83', 'Gibraltar', 'GI', 'GIB', '1');
insert into countries (countries_id, countries_name, countries_iso_code_2, countries_iso_code_3, address_format_id) values ('84', 'Greece', 'GR', 'GRC', '1');
insert into countries (countries_id, countries_name, countries_iso_code_2, countries_iso_code_3, address_format_id) values ('85', 'Greenland', 'GL', 'GRL', '1');
insert into countries (countries_id, countries_name, countries_iso_code_2, countries_iso_code_3, address_format_id) values ('86', 'Grenada', 'GD', 'GRD', '1');
insert into countries (countries_id, countries_name, countries_iso_code_2, countries_iso_code_3, address_format_id) values ('87', 'Guadeloupe', 'GP', 'GLP', '1');
insert into countries (countries_id, countries_name, countries_iso_code_2, countries_iso_code_3, address_format_id) values ('88', 'Guam', 'GU', 'GUM', '1');
insert into countries (countries_id, countries_name, countries_iso_code_2, countries_iso_code_3, address_format_id) values ('89', 'Guatemala', 'GT', 'GTM', '1');
insert into countries (countries_id, countries_name, countries_iso_code_2, countries_iso_code_3, address_format_id) values ('90', 'Guinea', 'GN', 'GIN', '1');
insert into countries (countries_id, countries_name, countries_iso_code_2, countries_iso_code_3, address_format_id) values ('91', 'Guinea-bissau', 'GW', 'GNB', '1');
insert into countries (countries_id, countries_name, countries_iso_code_2, countries_iso_code_3, address_format_id) values ('92', 'Guyana', 'GY', 'GUY', '1');
insert into countries (countries_id, countries_name, countries_iso_code_2, countries_iso_code_3, address_format_id) values ('93', 'Haiti', 'HT', 'HTI', '1');
insert into countries (countries_id, countries_name, countries_iso_code_2, countries_iso_code_3, address_format_id) values ('94', 'Heard and Mc Donald Islands', 'HM', 'HMD', '1');
insert into countries (countries_id, countries_name, countries_iso_code_2, countries_iso_code_3, address_format_id) values ('95', 'Honduras', 'HN', 'HND', '1');
insert into countries (countries_id, countries_name, countries_iso_code_2, countries_iso_code_3, address_format_id) values ('96', 'Hong Kong', 'HK', 'HKG', '1');
insert into countries (countries_id, countries_name, countries_iso_code_2, countries_iso_code_3, address_format_id) values ('97', 'Hungary', 'HU', 'HUN', '1');
insert into countries (countries_id, countries_name, countries_iso_code_2, countries_iso_code_3, address_format_id) values ('98', 'Iceland', 'IS', 'ISL', '1');
insert into countries (countries_id, countries_name, countries_iso_code_2, countries_iso_code_3, address_format_id) values ('99', 'India', 'IN', 'IND', '1');
insert into countries (countries_id, countries_name, countries_iso_code_2, countries_iso_code_3, address_format_id) values ('100', 'Indonesia', 'ID', 'IDN', '1');
insert into countries (countries_id, countries_name, countries_iso_code_2, countries_iso_code_3, address_format_id) values ('101', 'Iran (Islamic Republic of)', 'IR', 'IRN', '1');
insert into countries (countries_id, countries_name, countries_iso_code_2, countries_iso_code_3, address_format_id) values ('102', 'Iraq', 'IQ', 'IRQ', '1');
insert into countries (countries_id, countries_name, countries_iso_code_2, countries_iso_code_3, address_format_id) values ('103', 'Ireland', 'IE', 'IRL', '1');
insert into countries (countries_id, countries_name, countries_iso_code_2, countries_iso_code_3, address_format_id) values ('104', 'Israel', 'IL', 'ISR', '1');
insert into countries (countries_id, countries_name, countries_iso_code_2, countries_iso_code_3, address_format_id) values ('105', 'Italy', 'IT', 'ITA', '1');
insert into countries (countries_id, countries_name, countries_iso_code_2, countries_iso_code_3, address_format_id) values ('106', 'Jamaica', 'JM', 'JAM', '1');
insert into countries (countries_id, countries_name, countries_iso_code_2, countries_iso_code_3, address_format_id) values ('107', 'Japan', 'JP', 'JPN', '1');
insert into countries (countries_id, countries_name, countries_iso_code_2, countries_iso_code_3, address_format_id) values ('108', 'Jordan', 'JO', 'JOR', '1');
insert into countries (countries_id, countries_name, countries_iso_code_2, countries_iso_code_3, address_format_id) values ('109', 'Kazakhstan', 'KZ', 'KAZ', '1');
insert into countries (countries_id, countries_name, countries_iso_code_2, countries_iso_code_3, address_format_id) values ('110', 'Kenya', 'KE', 'KEN', '1');
insert into countries (countries_id, countries_name, countries_iso_code_2, countries_iso_code_3, address_format_id) values ('111', 'Kiribati', 'KI', 'KIR', '1');
insert into countries (countries_id, countries_name, countries_iso_code_2, countries_iso_code_3, address_format_id) values ('112', 'Korea, Democratic People\'s Republic of', 'KP', 'PRK', '1');
insert into countries (countries_id, countries_name, countries_iso_code_2, countries_iso_code_3, address_format_id) values ('113', 'Korea, Republic of', 'KR', 'KOR', '1');
insert into countries (countries_id, countries_name, countries_iso_code_2, countries_iso_code_3, address_format_id) values ('114', 'Kuwait', 'KW', 'KWT', '1');
insert into countries (countries_id, countries_name, countries_iso_code_2, countries_iso_code_3, address_format_id) values ('115', 'Kyrgyzstan', 'KG', 'KGZ', '1');
insert into countries (countries_id, countries_name, countries_iso_code_2, countries_iso_code_3, address_format_id) values ('116', 'Lao People\'s Democratic Republic', 'LA', 'LAO', '1');
insert into countries (countries_id, countries_name, countries_iso_code_2, countries_iso_code_3, address_format_id) values ('117', 'Latvia', 'LV', 'LVA', '1');
insert into countries (countries_id, countries_name, countries_iso_code_2, countries_iso_code_3, address_format_id) values ('118', 'Lebanon', 'LB', 'LBN', '1');
insert into countries (countries_id, countries_name, countries_iso_code_2, countries_iso_code_3, address_format_id) values ('119', 'Lesotho', 'LS', 'LSO', '1');
insert into countries (countries_id, countries_name, countries_iso_code_2, countries_iso_code_3, address_format_id) values ('120', 'Liberia', 'LR', 'LBR', '1');
insert into countries (countries_id, countries_name, countries_iso_code_2, countries_iso_code_3, address_format_id) values ('121', 'Libyan Arab Jamahiriya', 'LY', 'LBY', '1');
insert into countries (countries_id, countries_name, countries_iso_code_2, countries_iso_code_3, address_format_id) values ('122', 'Liechtenstein', 'LI', 'LIE', '1');
insert into countries (countries_id, countries_name, countries_iso_code_2, countries_iso_code_3, address_format_id) values ('123', 'Lithuania', 'LT', 'LTU', '1');
insert into countries (countries_id, countries_name, countries_iso_code_2, countries_iso_code_3, address_format_id) values ('124', 'Luxembourg', 'LU', 'LUX', '1');
insert into countries (countries_id, countries_name, countries_iso_code_2, countries_iso_code_3, address_format_id) values ('125', 'Macau', 'MO', 'MAC', '1');
insert into countries (countries_id, countries_name, countries_iso_code_2, countries_iso_code_3, address_format_id) values ('126', 'Macedonia, The Former Yugoslav Republic of', 'MK', 'MKD', '1');
insert into countries (countries_id, countries_name, countries_iso_code_2, countries_iso_code_3, address_format_id) values ('127', 'Madagascar', 'MG', 'MDG', '1');
insert into countries (countries_id, countries_name, countries_iso_code_2, countries_iso_code_3, address_format_id) values ('128', 'Malawi', 'MW', 'MWI', '1');
insert into countries (countries_id, countries_name, countries_iso_code_2, countries_iso_code_3, address_format_id) values ('129', 'Malaysia', 'MY', 'MYS', '1');
insert into countries (countries_id, countries_name, countries_iso_code_2, countries_iso_code_3, address_format_id) values ('130', 'Maldives', 'MV', 'MDV', '1');
insert into countries (countries_id, countries_name, countries_iso_code_2, countries_iso_code_3, address_format_id) values ('131', 'Mali', 'ML', 'MLI', '1');
insert into countries (countries_id, countries_name, countries_iso_code_2, countries_iso_code_3, address_format_id) values ('132', 'Malta', 'MT', 'MLT', '1');
insert into countries (countries_id, countries_name, countries_iso_code_2, countries_iso_code_3, address_format_id) values ('133', 'Marshall Islands', 'MH', 'MHL', '1');
insert into countries (countries_id, countries_name, countries_iso_code_2, countries_iso_code_3, address_format_id) values ('134', 'Martinique', 'MQ', 'MTQ', '1');
insert into countries (countries_id, countries_name, countries_iso_code_2, countries_iso_code_3, address_format_id) values ('135', 'Mauritania', 'MR', 'MRT', '1');
insert into countries (countries_id, countries_name, countries_iso_code_2, countries_iso_code_3, address_format_id) values ('136', 'Mauritius', 'MU', 'MUS', '1');
insert into countries (countries_id, countries_name, countries_iso_code_2, countries_iso_code_3, address_format_id) values ('137', 'Mayotte', 'YT', 'MYT', '1');
insert into countries (countries_id, countries_name, countries_iso_code_2, countries_iso_code_3, address_format_id) values ('138', 'Mexico', 'MX', 'MEX', '1');
insert into countries (countries_id, countries_name, countries_iso_code_2, countries_iso_code_3, address_format_id) values ('139', 'Micronesia, Federated States of', 'FM', 'FSM', '1');
insert into countries (countries_id, countries_name, countries_iso_code_2, countries_iso_code_3, address_format_id) values ('140', 'Moldova, Republic of', 'MD', 'MDA', '1');
insert into countries (countries_id, countries_name, countries_iso_code_2, countries_iso_code_3, address_format_id) values ('141', 'Monaco', 'MC', 'MCO', '1');
insert into countries (countries_id, countries_name, countries_iso_code_2, countries_iso_code_3, address_format_id) values ('142', 'Mongolia', 'MN', 'MNG', '1');
insert into countries (countries_id, countries_name, countries_iso_code_2, countries_iso_code_3, address_format_id) values ('143', 'Montserrat', 'MS', 'MSR', '1');
insert into countries (countries_id, countries_name, countries_iso_code_2, countries_iso_code_3, address_format_id) values ('144', 'Morocco', 'MA', 'MAR', '1');
insert into countries (countries_id, countries_name, countries_iso_code_2, countries_iso_code_3, address_format_id) values ('145', 'Mozambique', 'MZ', 'MOZ', '1');
insert into countries (countries_id, countries_name, countries_iso_code_2, countries_iso_code_3, address_format_id) values ('146', 'Myanmar', 'MM', 'MMR', '1');
insert into countries (countries_id, countries_name, countries_iso_code_2, countries_iso_code_3, address_format_id) values ('147', 'Namibia', 'NA', 'NAM', '1');
insert into countries (countries_id, countries_name, countries_iso_code_2, countries_iso_code_3, address_format_id) values ('148', 'Nauru', 'NR', 'NRU', '1');
insert into countries (countries_id, countries_name, countries_iso_code_2, countries_iso_code_3, address_format_id) values ('149', 'Nepal', 'NP', 'NPL', '1');
insert into countries (countries_id, countries_name, countries_iso_code_2, countries_iso_code_3, address_format_id) values ('150', 'Netherlands', 'NL', 'NLD', '1');
insert into countries (countries_id, countries_name, countries_iso_code_2, countries_iso_code_3, address_format_id) values ('151', 'Netherlands Antilles', 'AN', 'ANT', '1');
insert into countries (countries_id, countries_name, countries_iso_code_2, countries_iso_code_3, address_format_id) values ('152', 'New Caledonia', 'NC', 'NCL', '1');
insert into countries (countries_id, countries_name, countries_iso_code_2, countries_iso_code_3, address_format_id) values ('153', 'New Zealand', 'NZ', 'NZL', '1');
insert into countries (countries_id, countries_name, countries_iso_code_2, countries_iso_code_3, address_format_id) values ('154', 'Nicaragua', 'NI', 'NIC', '1');
insert into countries (countries_id, countries_name, countries_iso_code_2, countries_iso_code_3, address_format_id) values ('155', 'Niger', 'NE', 'NER', '1');
insert into countries (countries_id, countries_name, countries_iso_code_2, countries_iso_code_3, address_format_id) values ('156', 'Nigeria', 'NG', 'NGA', '1');
insert into countries (countries_id, countries_name, countries_iso_code_2, countries_iso_code_3, address_format_id) values ('157', 'Niue', 'NU', 'NIU', '1');
insert into countries (countries_id, countries_name, countries_iso_code_2, countries_iso_code_3, address_format_id) values ('158', 'Norfolk Island', 'NF', 'NFK', '1');
insert into countries (countries_id, countries_name, countries_iso_code_2, countries_iso_code_3, address_format_id) values ('159', 'Northern Mariana Islands', 'MP', 'MNP', '1');
insert into countries (countries_id, countries_name, countries_iso_code_2, countries_iso_code_3, address_format_id) values ('160', 'Norway', 'NO', 'NOR', '1');
insert into countries (countries_id, countries_name, countries_iso_code_2, countries_iso_code_3, address_format_id) values ('161', 'Oman', 'OM', 'OMN', '1');
insert into countries (countries_id, countries_name, countries_iso_code_2, countries_iso_code_3, address_format_id) values ('162', 'Pakistan', 'PK', 'PAK', '1');
insert into countries (countries_id, countries_name, countries_iso_code_2, countries_iso_code_3, address_format_id) values ('163', 'Palau', 'PW', 'PLW', '1');
insert into countries (countries_id, countries_name, countries_iso_code_2, countries_iso_code_3, address_format_id) values ('164', 'Panama', 'PA', 'PAN', '1');
insert into countries (countries_id, countries_name, countries_iso_code_2, countries_iso_code_3, address_format_id) values ('165', 'Papua New Guinea', 'PG', 'PNG', '1');
insert into countries (countries_id, countries_name, countries_iso_code_2, countries_iso_code_3, address_format_id) values ('166', 'Paraguay', 'PY', 'PRY', '1');
insert into countries (countries_id, countries_name, countries_iso_code_2, countries_iso_code_3, address_format_id) values ('167', 'Peru', 'PE', 'PER', '1');
insert into countries (countries_id, countries_name, countries_iso_code_2, countries_iso_code_3, address_format_id) values ('168', 'Philippines', 'PH', 'PHL', '1');
insert into countries (countries_id, countries_name, countries_iso_code_2, countries_iso_code_3, address_format_id) values ('169', 'Pitcairn', 'PN', 'PCN', '1');
insert into countries (countries_id, countries_name, countries_iso_code_2, countries_iso_code_3, address_format_id) values ('170', 'Poland', 'PL', 'POL', '1');
insert into countries (countries_id, countries_name, countries_iso_code_2, countries_iso_code_3, address_format_id) values ('171', 'Portugal', 'PT', 'PRT', '1');
insert into countries (countries_id, countries_name, countries_iso_code_2, countries_iso_code_3, address_format_id) values ('172', 'Puerto Rico', 'PR', 'PRI', '1');
insert into countries (countries_id, countries_name, countries_iso_code_2, countries_iso_code_3, address_format_id) values ('173', 'Qatar', 'QA', 'QAT', '1');
insert into countries (countries_id, countries_name, countries_iso_code_2, countries_iso_code_3, address_format_id) values ('174', 'Reunion', 'RE', 'REU', '1');
insert into countries (countries_id, countries_name, countries_iso_code_2, countries_iso_code_3, address_format_id) values ('175', 'Romania', 'RO', 'ROM', '1');
insert into countries (countries_id, countries_name, countries_iso_code_2, countries_iso_code_3, address_format_id) values ('176', 'Russian Federation', 'RU', 'RUS', '1');
insert into countries (countries_id, countries_name, countries_iso_code_2, countries_iso_code_3, address_format_id) values ('177', 'Rwanda', 'RW', 'RWA', '1');
insert into countries (countries_id, countries_name, countries_iso_code_2, countries_iso_code_3, address_format_id) values ('178', 'Saint Kitts and Nevis', 'KN', 'KNA', '1');
insert into countries (countries_id, countries_name, countries_iso_code_2, countries_iso_code_3, address_format_id) values ('179', 'Saint Lucia', 'LC', 'LCA', '1');
insert into countries (countries_id, countries_name, countries_iso_code_2, countries_iso_code_3, address_format_id) values ('180', 'Saint Vincent and the Grenadines', 'VC', 'VCT', '1');
insert into countries (countries_id, countries_name, countries_iso_code_2, countries_iso_code_3, address_format_id) values ('181', 'Samoa', 'WS', 'WSM', '1');
insert into countries (countries_id, countries_name, countries_iso_code_2, countries_iso_code_3, address_format_id) values ('182', 'San Marino', 'SM', 'SMR', '1');
insert into countries (countries_id, countries_name, countries_iso_code_2, countries_iso_code_3, address_format_id) values ('183', 'Sao Tome and Principe', 'ST', 'STP', '1');
insert into countries (countries_id, countries_name, countries_iso_code_2, countries_iso_code_3, address_format_id) values ('184', 'Saudi Arabia', 'SA', 'SAU', '1');
insert into countries (countries_id, countries_name, countries_iso_code_2, countries_iso_code_3, address_format_id) values ('185', 'Senegal', 'SN', 'SEN', '1');
insert into countries (countries_id, countries_name, countries_iso_code_2, countries_iso_code_3, address_format_id) values ('186', 'Seychelles', 'SC', 'SYC', '1');
insert into countries (countries_id, countries_name, countries_iso_code_2, countries_iso_code_3, address_format_id) values ('187', 'Sierra Leone', 'SL', 'SLE', '1');
insert into countries (countries_id, countries_name, countries_iso_code_2, countries_iso_code_3, address_format_id) values ('188', 'Singapore', 'SG', 'SGP', '4');
insert into countries (countries_id, countries_name, countries_iso_code_2, countries_iso_code_3, address_format_id) values ('189', 'Slovakia (Slovak Republic)', 'SK', 'SVK', '1');
insert into countries (countries_id, countries_name, countries_iso_code_2, countries_iso_code_3, address_format_id) values ('190', 'Slovenia', 'SI', 'SVN', '1');
insert into countries (countries_id, countries_name, countries_iso_code_2, countries_iso_code_3, address_format_id) values ('191', 'Solomon Islands', 'SB', 'SLB', '1');
insert into countries (countries_id, countries_name, countries_iso_code_2, countries_iso_code_3, address_format_id) values ('192', 'Somalia', 'SO', 'SOM', '1');
insert into countries (countries_id, countries_name, countries_iso_code_2, countries_iso_code_3, address_format_id) values ('193', 'South Africa', 'ZA', 'ZAF', '1');
insert into countries (countries_id, countries_name, countries_iso_code_2, countries_iso_code_3, address_format_id) values ('194', 'South Georgia and the South Sandwich Islands', 'GS', 'SGS', '1');
insert into countries (countries_id, countries_name, countries_iso_code_2, countries_iso_code_3, address_format_id) values ('195', 'Spain', 'ES', 'ESP', '3');
insert into countries (countries_id, countries_name, countries_iso_code_2, countries_iso_code_3, address_format_id) values ('196', 'Sri Lanka', 'LK', 'LKA', '1');
insert into countries (countries_id, countries_name, countries_iso_code_2, countries_iso_code_3, address_format_id) values ('197', 'St. Helena', 'SH', 'SHN', '1');
insert into countries (countries_id, countries_name, countries_iso_code_2, countries_iso_code_3, address_format_id) values ('198', 'St. Pierre and Miquelon', 'PM', 'SPM', '1');
insert into countries (countries_id, countries_name, countries_iso_code_2, countries_iso_code_3, address_format_id) values ('199', 'Sudan', 'SD', 'SDN', '1');
insert into countries (countries_id, countries_name, countries_iso_code_2, countries_iso_code_3, address_format_id) values ('200', 'Suriname', 'SR', 'SUR', '1');
insert into countries (countries_id, countries_name, countries_iso_code_2, countries_iso_code_3, address_format_id) values ('201', 'Svalbard and Jan Mayen Islands', 'SJ', 'SJM', '1');
insert into countries (countries_id, countries_name, countries_iso_code_2, countries_iso_code_3, address_format_id) values ('202', 'Swaziland', 'SZ', 'SWZ', '1');
insert into countries (countries_id, countries_name, countries_iso_code_2, countries_iso_code_3, address_format_id) values ('203', 'Sweden', 'SE', 'SWE', '1');
insert into countries (countries_id, countries_name, countries_iso_code_2, countries_iso_code_3, address_format_id) values ('204', 'Switzerland', 'CH', 'CHE', '1');
insert into countries (countries_id, countries_name, countries_iso_code_2, countries_iso_code_3, address_format_id) values ('205', 'Syrian Arab Republic', 'SY', 'SYR', '1');
insert into countries (countries_id, countries_name, countries_iso_code_2, countries_iso_code_3, address_format_id) values ('206', 'Taiwan', 'TW', 'TWN', '1');
insert into countries (countries_id, countries_name, countries_iso_code_2, countries_iso_code_3, address_format_id) values ('207', 'Tajikistan', 'TJ', 'TJK', '1');
insert into countries (countries_id, countries_name, countries_iso_code_2, countries_iso_code_3, address_format_id) values ('208', 'Tanzania, United Republic of', 'TZ', 'TZA', '1');
insert into countries (countries_id, countries_name, countries_iso_code_2, countries_iso_code_3, address_format_id) values ('209', 'Thailand', 'TH', 'THA', '1');
insert into countries (countries_id, countries_name, countries_iso_code_2, countries_iso_code_3, address_format_id) values ('210', 'Togo', 'TG', 'TGO', '1');
insert into countries (countries_id, countries_name, countries_iso_code_2, countries_iso_code_3, address_format_id) values ('211', 'Tokelau', 'TK', 'TKL', '1');
insert into countries (countries_id, countries_name, countries_iso_code_2, countries_iso_code_3, address_format_id) values ('212', 'Tonga', 'TO', 'TON', '1');
insert into countries (countries_id, countries_name, countries_iso_code_2, countries_iso_code_3, address_format_id) values ('213', 'Trinidad and Tobago', 'TT', 'TTO', '1');
insert into countries (countries_id, countries_name, countries_iso_code_2, countries_iso_code_3, address_format_id) values ('214', 'Tunisia', 'TN', 'TUN', '1');
insert into countries (countries_id, countries_name, countries_iso_code_2, countries_iso_code_3, address_format_id) values ('215', 'Turkey', 'TR', 'TUR', '1');
insert into countries (countries_id, countries_name, countries_iso_code_2, countries_iso_code_3, address_format_id) values ('216', 'Turkmenistan', 'TM', 'TKM', '1');
insert into countries (countries_id, countries_name, countries_iso_code_2, countries_iso_code_3, address_format_id) values ('217', 'Turks and Caicos Islands', 'TC', 'TCA', '1');
insert into countries (countries_id, countries_name, countries_iso_code_2, countries_iso_code_3, address_format_id) values ('218', 'Tuvalu', 'TV', 'TUV', '1');
insert into countries (countries_id, countries_name, countries_iso_code_2, countries_iso_code_3, address_format_id) values ('219', 'Uganda', 'UG', 'UGA', '1');
insert into countries (countries_id, countries_name, countries_iso_code_2, countries_iso_code_3, address_format_id) values ('220', 'Ukraine', 'UA', 'UKR', '1');
insert into countries (countries_id, countries_name, countries_iso_code_2, countries_iso_code_3, address_format_id) values ('221', 'United Arab Emirates', 'AE', 'ARE', '1');
insert into countries (countries_id, countries_name, countries_iso_code_2, countries_iso_code_3, address_format_id) values ('222', 'United Kingdom', 'GB', 'GBR', '1');
insert into countries (countries_id, countries_name, countries_iso_code_2, countries_iso_code_3, address_format_id) values ('223', 'United States', 'US', 'USA', '2');
insert into countries (countries_id, countries_name, countries_iso_code_2, countries_iso_code_3, address_format_id) values ('224', 'United States Minor Outlying Islands', 'UM', 'UMI', '1');
insert into countries (countries_id, countries_name, countries_iso_code_2, countries_iso_code_3, address_format_id) values ('225', 'Uruguay', 'UY', 'URY', '1');
insert into countries (countries_id, countries_name, countries_iso_code_2, countries_iso_code_3, address_format_id) values ('226', 'Uzbekistan', 'UZ', 'UZB', '1');
insert into countries (countries_id, countries_name, countries_iso_code_2, countries_iso_code_3, address_format_id) values ('227', 'Vanuatu', 'VU', 'VUT', '1');
insert into countries (countries_id, countries_name, countries_iso_code_2, countries_iso_code_3, address_format_id) values ('228', 'Vatican City State (Holy See)', 'VA', 'VAT', '1');
insert into countries (countries_id, countries_name, countries_iso_code_2, countries_iso_code_3, address_format_id) values ('229', 'Venezuela', 'VE', 'VEN', '1');
insert into countries (countries_id, countries_name, countries_iso_code_2, countries_iso_code_3, address_format_id) values ('230', 'Viet Nam', 'VN', 'VNM', '1');
insert into countries (countries_id, countries_name, countries_iso_code_2, countries_iso_code_3, address_format_id) values ('231', 'Virgin Islands (British)', 'VG', 'VGB', '1');
insert into countries (countries_id, countries_name, countries_iso_code_2, countries_iso_code_3, address_format_id) values ('232', 'Virgin Islands (U.S.)', 'VI', 'VIR', '1');
insert into countries (countries_id, countries_name, countries_iso_code_2, countries_iso_code_3, address_format_id) values ('233', 'Wallis and Futuna Islands', 'WF', 'WLF', '1');
insert into countries (countries_id, countries_name, countries_iso_code_2, countries_iso_code_3, address_format_id) values ('234', 'Western Sahara', 'EH', 'ESH', '1');
insert into countries (countries_id, countries_name, countries_iso_code_2, countries_iso_code_3, address_format_id) values ('235', 'Yemen', 'YE', 'YEM', '1');
insert into countries (countries_id, countries_name, countries_iso_code_2, countries_iso_code_3, address_format_id) values ('236', 'Yugoslavia', 'YU', 'YUG', '1');
insert into countries (countries_id, countries_name, countries_iso_code_2, countries_iso_code_3, address_format_id) values ('237', 'Zaire', 'ZR', 'ZAR', '1');
insert into countries (countries_id, countries_name, countries_iso_code_2, countries_iso_code_3, address_format_id) values ('238', 'Zambia', 'ZM', 'ZMB', '1');
insert into countries (countries_id, countries_name, countries_iso_code_2, countries_iso_code_3, address_format_id) values ('239', 'Zimbabwe', 'ZW', 'ZWE', '1');
drop table if exists currencies;
create table currencies (
  currencies_id int(11) not null auto_increment,
  title varchar(32) not null ,
  code char(3) not null ,
  symbol_left varchar(12) ,
  symbol_right varchar(12) ,
  decimal_point char(1) ,
  thousands_point char(1) ,
  decimal_places char(1) ,
  value float(13,8) ,
  last_updated datetime ,
  PRIMARY KEY (currencies_id),
  KEY idx_currencies_code (code)
);

insert into currencies (currencies_id, title, code, symbol_left, symbol_right, decimal_point, thousands_point, decimal_places, value, last_updated) values ('1', 'U.S. Dollar', 'USD', '$', '', '.', ',', '2', '1.00000000', '2012-08-25 08:49:00');
insert into currencies (currencies_id, title, code, symbol_left, symbol_right, decimal_point, thousands_point, decimal_places, value, last_updated) values ('2', 'Euro', 'EUR', '', '', '.', ',', '2', '1.00000000', '2012-08-25 08:49:00');
drop table if exists customers;
create table customers (
  customers_id int(11) not null auto_increment,
  customers_gender char(1) ,
  customers_firstname varchar(255) not null ,
  customers_lastname varchar(255) not null ,
  customers_dob datetime default '0000-00-00 00:00:00' not null ,
  customers_email_address varchar(255) not null ,
  customers_default_address_id int(11) ,
  customers_telephone varchar(255) not null ,
  customers_fax varchar(255) ,
  customers_password varchar(60) not null ,
  customers_newsletter char(1) ,
  PRIMARY KEY (customers_id),
  KEY idx_customers_email_address (customers_email_address)
);

insert into customers (customers_id, customers_gender, customers_firstname, customers_lastname, customers_dob, customers_email_address, customers_default_address_id, customers_telephone, customers_fax, customers_password, customers_newsletter) values ('1', 'm', 'dian', 'santoso', '2012-08-25 00:00:00', 'budal@gmail.com', '1', '43435345', '', '$P$Dlfbfh83Hb1AfQ/TaKyQcb1xHL2cy71', '0');
insert into customers (customers_id, customers_gender, customers_firstname, customers_lastname, customers_dob, customers_email_address, customers_default_address_id, customers_telephone, customers_fax, customers_password, customers_newsletter) values ('2', 'm', 'santoso', 'san', '2013-03-24 00:00:00', 'santoso@gmail.com', '2', '2324345', 'Your fax number', '$P$DzXFL.xKsWKQOvU1VjTDqYflIPHrxz1', '1');
drop table if exists customers_basket;
create table customers_basket (
  customers_basket_id int(11) not null auto_increment,
  customers_id int(11) not null ,
  products_id tinytext not null ,
  customers_basket_quantity int(2) not null ,
  final_price decimal(15,4) ,
  customers_basket_date_added char(8) ,
  PRIMARY KEY (customers_basket_id),
  KEY idx_customers_basket_customers_id (customers_id)
);

insert into customers_basket (customers_basket_id, customers_id, products_id, customers_basket_quantity, final_price, customers_basket_date_added) values ('5', '2', '30', '1', NULL, '20130324');
insert into customers_basket (customers_basket_id, customers_id, products_id, customers_basket_quantity, final_price, customers_basket_date_added) values ('7', '2', '34', '1', NULL, '20130324');
insert into customers_basket (customers_basket_id, customers_id, products_id, customers_basket_quantity, final_price, customers_basket_date_added) values ('8', '1', '31{1}19{2}16{5}10', '1', NULL, '20130324');
drop table if exists customers_basket_attributes;
create table customers_basket_attributes (
  customers_basket_attributes_id int(11) not null auto_increment,
  customers_id int(11) not null ,
  products_id tinytext not null ,
  products_options_id int(11) not null ,
  products_options_value_id int(11) not null ,
  PRIMARY KEY (customers_basket_attributes_id),
  KEY idx_customers_basket_att_customers_id (customers_id)
);

insert into customers_basket_attributes (customers_basket_attributes_id, customers_id, products_id, products_options_id, products_options_value_id) values ('6', '1', '31{1}19{2}16{5}10', '1', '19');
insert into customers_basket_attributes (customers_basket_attributes_id, customers_id, products_id, products_options_id, products_options_value_id) values ('7', '1', '31{1}19{2}16{5}10', '2', '16');
insert into customers_basket_attributes (customers_basket_attributes_id, customers_id, products_id, products_options_id, products_options_value_id) values ('8', '1', '31{1}19{2}16{5}10', '5', '10');
drop table if exists customers_info;
create table customers_info (
  customers_info_id int(11) not null ,
  customers_info_date_of_last_logon datetime ,
  customers_info_number_of_logons int(5) ,
  customers_info_date_account_created datetime ,
  customers_info_date_account_last_modified datetime ,
  global_product_notifications int(1) default '0' ,
  password_reset_key char(40) ,
  password_reset_date datetime ,
  PRIMARY KEY (customers_info_id)
);

insert into customers_info (customers_info_id, customers_info_date_of_last_logon, customers_info_number_of_logons, customers_info_date_account_created, customers_info_date_account_last_modified, global_product_notifications, password_reset_key, password_reset_date) values ('1', '2013-03-28 19:52:51', '54', '2012-08-25 08:56:04', '2013-03-16 18:21:25', '0', NULL, NULL);
insert into customers_info (customers_info_id, customers_info_date_of_last_logon, customers_info_number_of_logons, customers_info_date_account_created, customers_info_date_account_last_modified, global_product_notifications, password_reset_key, password_reset_date) values ('2', '2013-03-27 13:44:41', '9', '2013-03-24 07:08:42', NULL, '0', NULL, NULL);
drop table if exists featured;
create table featured (
  featured_id int(11) not null auto_increment,
  products_id int(11) default '0' not null ,
  featured_date_added datetime ,
  featured_last_modified datetime ,
  expires_date datetime ,
  date_status_change datetime ,
  status int(1) default '1' ,
  PRIMARY KEY (featured_id),
  KEY idx_products_id (products_id)
);

insert into featured (featured_id, products_id, featured_date_added, featured_last_modified, expires_date, date_status_change, status) values ('1', '30', '2012-10-09 07:14:09', NULL, NULL, NULL, '1');
insert into featured (featured_id, products_id, featured_date_added, featured_last_modified, expires_date, date_status_change, status) values ('2', '34', '2012-10-09 07:14:39', NULL, NULL, NULL, '1');
insert into featured (featured_id, products_id, featured_date_added, featured_last_modified, expires_date, date_status_change, status) values ('3', '33', '2012-10-09 07:15:05', NULL, NULL, NULL, '1');
insert into featured (featured_id, products_id, featured_date_added, featured_last_modified, expires_date, date_status_change, status) values ('4', '31', '2012-10-09 07:15:22', NULL, NULL, NULL, '1');
insert into featured (featured_id, products_id, featured_date_added, featured_last_modified, expires_date, date_status_change, status) values ('5', '37', '2012-10-09 07:15:41', NULL, NULL, NULL, '1');
insert into featured (featured_id, products_id, featured_date_added, featured_last_modified, expires_date, date_status_change, status) values ('6', '36', '2012-10-09 07:15:57', NULL, NULL, NULL, '1');
drop table if exists geo_zones;
create table geo_zones (
  geo_zone_id int(11) not null auto_increment,
  geo_zone_name varchar(32) not null ,
  geo_zone_description varchar(255) not null ,
  last_modified datetime ,
  date_added datetime not null ,
  PRIMARY KEY (geo_zone_id)
);

insert into geo_zones (geo_zone_id, geo_zone_name, geo_zone_description, last_modified, date_added) values ('1', 'Florida', 'Florida local sales tax zone', NULL, '2012-08-25 08:49:02');
drop table if exists languages;
create table languages (
  languages_id int(11) not null auto_increment,
  name varchar(32) not null ,
  code char(2) not null ,
  image varchar(64) ,
  directory varchar(32) ,
  sort_order int(3) ,
  PRIMARY KEY (languages_id),
  KEY IDX_LANGUAGES_NAME (name)
);

insert into languages (languages_id, name, code, image, directory, sort_order) values ('1', 'English', 'en', 'icon.gif', 'english', '1');
insert into languages (languages_id, name, code, image, directory, sort_order) values ('2', 'French', 'fr', 'icon.gif', 'french', '2');
insert into languages (languages_id, name, code, image, directory, sort_order) values ('3', 'German', 'de', 'icon.gif', 'german', '3');
drop table if exists manufacturers;
create table manufacturers (
  manufacturers_id int(11) not null auto_increment,
  manufacturers_name varchar(32) not null ,
  manufacturers_image varchar(64) ,
  date_added datetime ,
  last_modified datetime ,
  PRIMARY KEY (manufacturers_id),
  KEY IDX_MANUFACTURERS_NAME (manufacturers_name)
);

insert into manufacturers (manufacturers_id, manufacturers_name, manufacturers_image, date_added, last_modified) values ('4', 'Nam non metus', 'manufacturer_fox.gif', '2012-08-25 08:49:01', '2012-09-27 08:28:59');
insert into manufacturers (manufacturers_id, manufacturers_name, manufacturers_image, date_added, last_modified) values ('5', 'Sed tortor lectus', 'manufacturer_logitech.gif', '2012-08-25 08:49:01', '2012-09-27 08:29:45');
insert into manufacturers (manufacturers_id, manufacturers_name, manufacturers_image, date_added, last_modified) values ('6', 'Massa vel commodo', 'manufacturer_canon.gif', '2012-08-25 08:49:01', '2012-09-27 08:28:28');
insert into manufacturers (manufacturers_id, manufacturers_name, manufacturers_image, date_added, last_modified) values ('8', 'Nulla lobortis posuere', 'manufacturer_gt_interactive.gif', '2012-08-25 08:49:01', '2012-09-27 08:29:15');
insert into manufacturers (manufacturers_id, manufacturers_name, manufacturers_image, date_added, last_modified) values ('9', 'Nunc sapien diam', 'manufacturer_hewlett_packard.gif', '2012-08-25 08:49:01', '2012-09-27 08:29:27');
drop table if exists manufacturers_info;
create table manufacturers_info (
  manufacturers_id int(11) not null ,
  languages_id int(11) not null ,
  manufacturers_url varchar(255) not null ,
  url_clicked int(5) default '0' not null ,
  date_last_click datetime ,
  PRIMARY KEY (manufacturers_id, languages_id)
);

insert into manufacturers_info (manufacturers_id, languages_id, manufacturers_url, url_clicked, date_last_click) values ('4', '1', 'http://www.fox.com', '0', NULL);
insert into manufacturers_info (manufacturers_id, languages_id, manufacturers_url, url_clicked, date_last_click) values ('4', '2', 'http://www.fox.com', '0', NULL);
insert into manufacturers_info (manufacturers_id, languages_id, manufacturers_url, url_clicked, date_last_click) values ('4', '3', 'http://www.fox.com', '0', NULL);
insert into manufacturers_info (manufacturers_id, languages_id, manufacturers_url, url_clicked, date_last_click) values ('5', '1', 'http://www.logitech.com', '0', NULL);
insert into manufacturers_info (manufacturers_id, languages_id, manufacturers_url, url_clicked, date_last_click) values ('5', '2', 'http://www.logitech.com', '0', NULL);
insert into manufacturers_info (manufacturers_id, languages_id, manufacturers_url, url_clicked, date_last_click) values ('5', '3', 'http://www.logitech.com', '0', NULL);
insert into manufacturers_info (manufacturers_id, languages_id, manufacturers_url, url_clicked, date_last_click) values ('6', '1', 'http://www.canon.com', '0', NULL);
insert into manufacturers_info (manufacturers_id, languages_id, manufacturers_url, url_clicked, date_last_click) values ('6', '2', 'http://www.canon.com', '0', NULL);
insert into manufacturers_info (manufacturers_id, languages_id, manufacturers_url, url_clicked, date_last_click) values ('6', '3', 'http://www.canon.com', '0', NULL);
insert into manufacturers_info (manufacturers_id, languages_id, manufacturers_url, url_clicked, date_last_click) values ('8', '1', 'http://www.infogrames.com', '0', NULL);
insert into manufacturers_info (manufacturers_id, languages_id, manufacturers_url, url_clicked, date_last_click) values ('8', '2', 'http://www.infogrames.com', '0', NULL);
insert into manufacturers_info (manufacturers_id, languages_id, manufacturers_url, url_clicked, date_last_click) values ('8', '3', 'http://www.infogrames.com', '0', NULL);
insert into manufacturers_info (manufacturers_id, languages_id, manufacturers_url, url_clicked, date_last_click) values ('9', '1', 'http://www.hewlettpackard.com', '0', NULL);
insert into manufacturers_info (manufacturers_id, languages_id, manufacturers_url, url_clicked, date_last_click) values ('9', '2', 'http://www.hewlettpackard.com', '0', NULL);
insert into manufacturers_info (manufacturers_id, languages_id, manufacturers_url, url_clicked, date_last_click) values ('9', '3', 'http://www.hewlettpackard.com', '0', NULL);
drop table if exists newsletters;
create table newsletters (
  newsletters_id int(11) not null auto_increment,
  title varchar(255) not null ,
  content text not null ,
  module varchar(255) not null ,
  date_added datetime not null ,
  date_sent datetime ,
  status int(1) ,
  locked int(1) default '0' ,
  PRIMARY KEY (newsletters_id)
);

insert into newsletters (newsletters_id, title, content, module, date_added, date_sent, status, locked) values ('1', 'hello', 'hello', 'newsletter', '2012-08-25 08:58:48', '2013-03-21 07:00:32', '1', '1');
insert into newsletters (newsletters_id, title, content, module, date_added, date_sent, status, locked) values ('2', 'good', 'good', 'product_notification', '2012-08-25 08:59:22', '2013-03-25 06:43:32', '1', '1');
drop table if exists orders;
create table orders (
  orders_id int(11) not null auto_increment,
  customers_id int(11) not null ,
  customers_name varchar(255) not null ,
  customers_company varchar(255) ,
  customers_street_address varchar(255) not null ,
  customers_suburb varchar(255) ,
  customers_city varchar(255) not null ,
  customers_postcode varchar(255) not null ,
  customers_state varchar(255) ,
  customers_country varchar(255) not null ,
  customers_telephone varchar(255) not null ,
  customers_email_address varchar(255) not null ,
  customers_address_format_id int(5) not null ,
  delivery_name varchar(255) not null ,
  delivery_company varchar(255) ,
  delivery_street_address varchar(255) not null ,
  delivery_suburb varchar(255) ,
  delivery_city varchar(255) not null ,
  delivery_postcode varchar(255) not null ,
  delivery_state varchar(255) ,
  delivery_country varchar(255) not null ,
  delivery_address_format_id int(5) not null ,
  billing_name varchar(255) not null ,
  billing_company varchar(255) ,
  billing_street_address varchar(255) not null ,
  billing_suburb varchar(255) ,
  billing_city varchar(255) not null ,
  billing_postcode varchar(255) not null ,
  billing_state varchar(255) ,
  billing_country varchar(255) not null ,
  billing_address_format_id int(5) not null ,
  payment_method varchar(255) not null ,
  cc_type varchar(20) ,
  cc_owner varchar(255) ,
  cc_number varchar(32) ,
  cc_expires varchar(4) ,
  last_modified datetime ,
  date_purchased datetime ,
  orders_status int(5) not null ,
  orders_date_finished datetime ,
  currency char(3) ,
  currency_value decimal(14,6) ,
  PRIMARY KEY (orders_id),
  KEY idx_orders_customers_id (customers_id)
);

insert into orders (orders_id, customers_id, customers_name, customers_company, customers_street_address, customers_suburb, customers_city, customers_postcode, customers_state, customers_country, customers_telephone, customers_email_address, customers_address_format_id, delivery_name, delivery_company, delivery_street_address, delivery_suburb, delivery_city, delivery_postcode, delivery_state, delivery_country, delivery_address_format_id, billing_name, billing_company, billing_street_address, billing_suburb, billing_city, billing_postcode, billing_state, billing_country, billing_address_format_id, payment_method, cc_type, cc_owner, cc_number, cc_expires, last_modified, date_purchased, orders_status, orders_date_finished, currency, currency_value) values ('9', '1', 'dian santoso', 'red', 'florida', '', 'florida', '343434', 'Florida', 'United States', '43435345', 'budal@gmail.com', '2', 'dian santoso', 'red', 'florida', '', 'florida', '343434', 'Florida', 'United States', '2', 'dian santoso', 'red', 'florida', '', 'florida', '343434', 'Florida', 'United States', '2', 'Cash on Delivery', '', '', '', '', NULL, '2012-09-30 07:53:06', '1', NULL, 'USD', '1.000000');
insert into orders (orders_id, customers_id, customers_name, customers_company, customers_street_address, customers_suburb, customers_city, customers_postcode, customers_state, customers_country, customers_telephone, customers_email_address, customers_address_format_id, delivery_name, delivery_company, delivery_street_address, delivery_suburb, delivery_city, delivery_postcode, delivery_state, delivery_country, delivery_address_format_id, billing_name, billing_company, billing_street_address, billing_suburb, billing_city, billing_postcode, billing_state, billing_country, billing_address_format_id, payment_method, cc_type, cc_owner, cc_number, cc_expires, last_modified, date_purchased, orders_status, orders_date_finished, currency, currency_value) values ('13', '1', 'dian santoso', 'red', 'florida', '', 'florida', '343434', 'Florida', 'United States', '43435345', 'budal@gmail.com', '2', 'dian santoso', 'red', 'florida', '', 'florida', '343434', 'Florida', 'United States', '2', 'dian santoso', 'red', 'florida', '', 'florida', '343434', 'Florida', 'United States', '2', 'Cash on Delivery', '', '', '', '', NULL, '2012-10-11 19:32:00', '1', NULL, 'USD', '1.000000');
insert into orders (orders_id, customers_id, customers_name, customers_company, customers_street_address, customers_suburb, customers_city, customers_postcode, customers_state, customers_country, customers_telephone, customers_email_address, customers_address_format_id, delivery_name, delivery_company, delivery_street_address, delivery_suburb, delivery_city, delivery_postcode, delivery_state, delivery_country, delivery_address_format_id, billing_name, billing_company, billing_street_address, billing_suburb, billing_city, billing_postcode, billing_state, billing_country, billing_address_format_id, payment_method, cc_type, cc_owner, cc_number, cc_expires, last_modified, date_purchased, orders_status, orders_date_finished, currency, currency_value) values ('15', '1', 'dian santoso', 'red', 'florida', '', 'florida', '343434', 'Florida', 'United States', '43435345', 'budal@gmail.com', '2', 'dian santoso', 'red', 'florida', '', 'florida', '343434', 'Florida', 'United States', '2', 'dian santoso', 'red', 'florida', '', 'florida', '343434', 'Florida', 'United States', '2', 'Pay with your online bank - instant and 100% secure', '', '', '', '', '2013-03-24 07:02:15', '2012-10-13 09:22:51', '3', NULL, 'USD', '1.000000');
insert into orders (orders_id, customers_id, customers_name, customers_company, customers_street_address, customers_suburb, customers_city, customers_postcode, customers_state, customers_country, customers_telephone, customers_email_address, customers_address_format_id, delivery_name, delivery_company, delivery_street_address, delivery_suburb, delivery_city, delivery_postcode, delivery_state, delivery_country, delivery_address_format_id, billing_name, billing_company, billing_street_address, billing_suburb, billing_city, billing_postcode, billing_state, billing_country, billing_address_format_id, payment_method, cc_type, cc_owner, cc_number, cc_expires, last_modified, date_purchased, orders_status, orders_date_finished, currency, currency_value) values ('16', '1', 'dian santoso', 'red', 'florida', '', 'florida', '343434', 'Florida', 'United States', '43435345', 'budal@gmail.com', '2', 'dian santoso', 'red', 'florida', '', 'florida', '343434', 'Florida', 'United States', '2', 'dian santoso', 'red', 'florida', '', 'florida', '343434', 'Florida', 'United States', '2', 'Cash on Delivery', '', '', '', '', '2013-03-24 07:01:56', '2013-03-24 07:00:52', '3', NULL, 'USD', '1.000000');
insert into orders (orders_id, customers_id, customers_name, customers_company, customers_street_address, customers_suburb, customers_city, customers_postcode, customers_state, customers_country, customers_telephone, customers_email_address, customers_address_format_id, delivery_name, delivery_company, delivery_street_address, delivery_suburb, delivery_city, delivery_postcode, delivery_state, delivery_country, delivery_address_format_id, billing_name, billing_company, billing_street_address, billing_suburb, billing_city, billing_postcode, billing_state, billing_country, billing_address_format_id, payment_method, cc_type, cc_owner, cc_number, cc_expires, last_modified, date_purchased, orders_status, orders_date_finished, currency, currency_value) values ('17', '1', 'dian santoso', 'red', 'florida', '', 'florida', '343434', 'Florida', 'United States', '43435345', 'budal@gmail.com', '2', 'dian santoso', 'red', 'florida', '', 'florida', '343434', 'Florida', 'United States', '2', 'dian santoso', 'red', 'florida', '', 'florida', '343434', 'Florida', 'United States', '2', 'Cash on Delivery', '', '', '', '', NULL, '2013-03-24 07:13:36', '1', NULL, 'USD', '1.000000');
drop table if exists orders_products;
create table orders_products (
  orders_products_id int(11) not null auto_increment,
  orders_id int(11) not null ,
  products_id int(11) not null ,
  products_model varchar(12) ,
  products_name varchar(64) not null ,
  products_price decimal(15,4) not null ,
  final_price decimal(15,4) not null ,
  products_tax decimal(7,4) not null ,
  products_quantity int(2) not null ,
  PRIMARY KEY (orders_products_id),
  KEY idx_orders_products_orders_id (orders_id),
  KEY idx_orders_products_products_id (products_id)
);

insert into orders_products (orders_products_id, orders_id, products_id, products_model, products_name, products_price, final_price, products_tax, products_quantity) values ('20', '9', '38', 'B0022', 'Sony VAIO Green', '345.0000', '345.0000', '0.0000', '1');
insert into orders_products (orders_products_id, orders_id, products_id, products_model, products_name, products_price, final_price, products_tax, products_quantity) values ('21', '9', '32', 'B003', 'Hewlet Packard S Monitor', '543.0000', '543.0000', '7.0000', '1');
insert into orders_products (orders_products_id, orders_id, products_id, products_model, products_name, products_price, final_price, products_tax, products_quantity) values ('22', '9', '33', 'B004', 'Apple Macbook', '232.0000', '232.0000', '7.0000', '1');
insert into orders_products (orders_products_id, orders_id, products_id, products_model, products_name, products_price, final_price, products_tax, products_quantity) values ('30', '13', '33', 'B004', 'Brown Stripe T-Shirt', '232.0000', '232.0000', '7.0000', '1');
insert into orders_products (orders_products_id, orders_id, products_id, products_model, products_name, products_price, final_price, products_tax, products_quantity) values ('31', '13', '29', 'B001', 'Cyan T-Shirt', '122.0000', '122.0000', '7.0000', '1');
insert into orders_products (orders_products_id, orders_id, products_id, products_model, products_name, products_price, final_price, products_tax, products_quantity) values ('32', '13', '34', 'b005', 'Pink T-Shirt', '122.0000', '122.0000', '7.0000', '1');
insert into orders_products (orders_products_id, orders_id, products_id, products_model, products_name, products_price, final_price, products_tax, products_quantity) values ('33', '13', '36', 'B0020', 'Gray T-Shirt', '120.0000', '120.0000', '7.0000', '1');
insert into orders_products (orders_products_id, orders_id, products_id, products_model, products_name, products_price, final_price, products_tax, products_quantity) values ('34', '13', '31', 'b003', 'Love T-Shirt', '121.0000', '203.0000', '7.0000', '1');
insert into orders_products (orders_products_id, orders_id, products_id, products_model, products_name, products_price, final_price, products_tax, products_quantity) values ('35', '13', '38', 'B0022', 'Yellow T-shirt', '345.0000', '421.0000', '0.0000', '1');
insert into orders_products (orders_products_id, orders_id, products_id, products_model, products_name, products_price, final_price, products_tax, products_quantity) values ('41', '15', '33', 'B004', 'Brown Stripe T-Shirt', '232.0000', '232.0000', '7.0000', '1');
insert into orders_products (orders_products_id, orders_id, products_id, products_model, products_name, products_price, final_price, products_tax, products_quantity) values ('42', '15', '35', 'B0019', 'Black Blue T-Shirt', '120.0000', '120.0000', '0.0000', '1');
insert into orders_products (orders_products_id, orders_id, products_id, products_model, products_name, products_price, final_price, products_tax, products_quantity) values ('43', '15', '37', 'B0021', 'Blue Tshirt', '232.0000', '232.0000', '7.0000', '1');
insert into orders_products (orders_products_id, orders_id, products_id, products_model, products_name, products_price, final_price, products_tax, products_quantity) values ('44', '15', '36', 'B0020', 'Gray T-Shirt', '120.0000', '120.0000', '7.0000', '1');
insert into orders_products (orders_products_id, orders_id, products_id, products_model, products_name, products_price, final_price, products_tax, products_quantity) values ('45', '15', '31', 'b003', 'Love T-Shirt', '121.0000', '203.0000', '7.0000', '1');
insert into orders_products (orders_products_id, orders_id, products_id, products_model, products_name, products_price, final_price, products_tax, products_quantity) values ('46', '16', '31', 'b003', 'Fuis Lorem', '121.0000', '203.0000', '7.0000', '1');
insert into orders_products (orders_products_id, orders_id, products_id, products_model, products_name, products_price, final_price, products_tax, products_quantity) values ('47', '16', '36', 'B0020', 'Set Amet Lorem', '120.0000', '120.0000', '7.0000', '1');
insert into orders_products (orders_products_id, orders_id, products_id, products_model, products_name, products_price, final_price, products_tax, products_quantity) values ('48', '16', '33', 'B004', 'Lorem Dolor Amet', '232.0000', '232.0000', '7.0000', '1');
insert into orders_products (orders_products_id, orders_id, products_id, products_model, products_name, products_price, final_price, products_tax, products_quantity) values ('49', '17', '36', 'B0020', 'Set Amet Lorem', '120.0000', '120.0000', '7.0000', '1');
drop table if exists orders_products_attributes;
create table orders_products_attributes (
  orders_products_attributes_id int(11) not null auto_increment,
  orders_id int(11) not null ,
  orders_products_id int(11) not null ,
  products_options varchar(32) not null ,
  products_options_values varchar(32) not null ,
  options_values_price decimal(15,4) not null ,
  price_prefix char(1) not null ,
  PRIMARY KEY (orders_products_attributes_id),
  KEY idx_orders_products_att_orders_id (orders_id)
);

insert into orders_products_attributes (orders_products_attributes_id, orders_id, orders_products_id, products_options, products_options_values, options_values_price, price_prefix) values ('3', '13', '34', 'Color', 'Black', '12.0000', '+');
insert into orders_products_attributes (orders_products_attributes_id, orders_id, orders_products_id, products_options, products_options_values, options_values_price, price_prefix) values ('4', '13', '34', 'Size', 'L', '20.0000', '+');
insert into orders_products_attributes (orders_products_attributes_id, orders_id, orders_products_id, products_options, products_options_values, options_values_price, price_prefix) values ('5', '13', '34', 'Version', 'Download: Windows - English', '50.0000', '+');
insert into orders_products_attributes (orders_products_attributes_id, orders_id, orders_products_id, products_options, products_options_values, options_values_price, price_prefix) values ('6', '13', '35', 'Color', 'Blue', '36.0000', '+');
insert into orders_products_attributes (orders_products_attributes_id, orders_id, orders_products_id, products_options, products_options_values, options_values_price, price_prefix) values ('7', '13', '35', 'Size', 'L', '40.0000', '+');
insert into orders_products_attributes (orders_products_attributes_id, orders_id, orders_products_id, products_options, products_options_values, options_values_price, price_prefix) values ('11', '15', '45', 'Color', 'Black', '12.0000', '+');
insert into orders_products_attributes (orders_products_attributes_id, orders_id, orders_products_id, products_options, products_options_values, options_values_price, price_prefix) values ('12', '15', '45', 'Size', 'L', '20.0000', '+');
insert into orders_products_attributes (orders_products_attributes_id, orders_id, orders_products_id, products_options, products_options_values, options_values_price, price_prefix) values ('13', '15', '45', 'Version', 'Download: Windows - English', '50.0000', '+');
insert into orders_products_attributes (orders_products_attributes_id, orders_id, orders_products_id, products_options, products_options_values, options_values_price, price_prefix) values ('14', '16', '46', 'Color', 'Black', '12.0000', '+');
insert into orders_products_attributes (orders_products_attributes_id, orders_id, orders_products_id, products_options, products_options_values, options_values_price, price_prefix) values ('15', '16', '46', 'Size', 'L', '20.0000', '+');
insert into orders_products_attributes (orders_products_attributes_id, orders_id, orders_products_id, products_options, products_options_values, options_values_price, price_prefix) values ('16', '16', '46', 'Version', 'Download: Windows - English', '50.0000', '+');
drop table if exists orders_products_download;
create table orders_products_download (
  orders_products_download_id int(11) not null auto_increment,
  orders_id int(11) default '0' not null ,
  orders_products_id int(11) default '0' not null ,
  orders_products_filename varchar(255) not null ,
  download_maxdays int(2) default '0' not null ,
  download_count int(2) default '0' not null ,
  PRIMARY KEY (orders_products_download_id),
  KEY idx_orders_products_download_orders_id (orders_id)
);

insert into orders_products_download (orders_products_download_id, orders_id, orders_products_id, orders_products_filename, download_maxdays, download_count) values ('1', '6', '12', 'unreal.zip', '7', '3');
insert into orders_products_download (orders_products_download_id, orders_id, orders_products_id, orders_products_filename, download_maxdays, download_count) values ('2', '13', '34', 'unreal.zip', '12', '5');
insert into orders_products_download (orders_products_download_id, orders_id, orders_products_id, orders_products_filename, download_maxdays, download_count) values ('4', '15', '45', 'unreal.zip', '12', '5');
insert into orders_products_download (orders_products_download_id, orders_id, orders_products_id, orders_products_filename, download_maxdays, download_count) values ('5', '16', '46', 'unreal.zip', '12', '5');
drop table if exists orders_status;
create table orders_status (
  orders_status_id int(11) default '0' not null ,
  language_id int(11) default '1' not null ,
  orders_status_name varchar(32) not null ,
  public_flag int(11) default '1' ,
  downloads_flag int(11) default '0' ,
  PRIMARY KEY (orders_status_id, language_id),
  KEY idx_orders_status_name (orders_status_name)
);

insert into orders_status (orders_status_id, language_id, orders_status_name, public_flag, downloads_flag) values ('1', '1', 'Pending', '1', '0');
insert into orders_status (orders_status_id, language_id, orders_status_name, public_flag, downloads_flag) values ('1', '2', 'Pending', '1', '0');
insert into orders_status (orders_status_id, language_id, orders_status_name, public_flag, downloads_flag) values ('1', '3', 'Pending', '1', '0');
insert into orders_status (orders_status_id, language_id, orders_status_name, public_flag, downloads_flag) values ('2', '1', 'Processing', '1', '1');
insert into orders_status (orders_status_id, language_id, orders_status_name, public_flag, downloads_flag) values ('2', '2', 'Processing', '1', '0');
insert into orders_status (orders_status_id, language_id, orders_status_name, public_flag, downloads_flag) values ('2', '3', 'Processing', '1', '0');
insert into orders_status (orders_status_id, language_id, orders_status_name, public_flag, downloads_flag) values ('3', '1', 'Delivered', '1', '1');
insert into orders_status (orders_status_id, language_id, orders_status_name, public_flag, downloads_flag) values ('3', '2', 'Delivered', '1', '0');
insert into orders_status (orders_status_id, language_id, orders_status_name, public_flag, downloads_flag) values ('3', '3', 'Delivered', '1', '0');
insert into orders_status (orders_status_id, language_id, orders_status_name, public_flag, downloads_flag) values ('4', '1', 'PayPal [Transactions]', '0', '0');
insert into orders_status (orders_status_id, language_id, orders_status_name, public_flag, downloads_flag) values ('4', '2', 'PayPal [Transactions]', '1', '0');
insert into orders_status (orders_status_id, language_id, orders_status_name, public_flag, downloads_flag) values ('4', '3', 'PayPal [Transactions]', '1', '0');
insert into orders_status (orders_status_id, language_id, orders_status_name, public_flag, downloads_flag) values ('5', '1', 'Preparing [ChronoPay]', '0', '0');
insert into orders_status (orders_status_id, language_id, orders_status_name, public_flag, downloads_flag) values ('5', '2', 'Preparing [ChronoPay]', '0', '0');
insert into orders_status (orders_status_id, language_id, orders_status_name, public_flag, downloads_flag) values ('5', '3', 'Preparing [ChronoPay]', '0', '0');
insert into orders_status (orders_status_id, language_id, orders_status_name, public_flag, downloads_flag) values ('6', '1', 'Preparing [PayPal Standard]', '0', '0');
insert into orders_status (orders_status_id, language_id, orders_status_name, public_flag, downloads_flag) values ('6', '2', 'Preparing [PayPal Standard]', '0', '0');
insert into orders_status (orders_status_id, language_id, orders_status_name, public_flag, downloads_flag) values ('6', '3', 'Preparing [PayPal Standard]', '0', '0');
insert into orders_status (orders_status_id, language_id, orders_status_name, public_flag, downloads_flag) values ('7', '1', 'Preparing [WorldPay]', '0', '0');
insert into orders_status (orders_status_id, language_id, orders_status_name, public_flag, downloads_flag) values ('7', '2', 'Preparing [WorldPay]', '0', '0');
insert into orders_status (orders_status_id, language_id, orders_status_name, public_flag, downloads_flag) values ('7', '3', 'Preparing [WorldPay]', '0', '0');
insert into orders_status (orders_status_id, language_id, orders_status_name, public_flag, downloads_flag) values ('8', '1', 'Sofortberweisung Vorbereitung', '0', '0');
insert into orders_status (orders_status_id, language_id, orders_status_name, public_flag, downloads_flag) values ('8', '2', 'Sofortberweisung Vorbereitung', '0', '0');
insert into orders_status (orders_status_id, language_id, orders_status_name, public_flag, downloads_flag) values ('8', '3', 'Sofortberweisung Vorbereitung', '0', '0');
insert into orders_status (orders_status_id, language_id, orders_status_name, public_flag, downloads_flag) values ('9', '1', 'Processing [inpay]', '1', '0');
insert into orders_status (orders_status_id, language_id, orders_status_name, public_flag, downloads_flag) values ('9', '2', 'Processing [inpay]', '1', '0');
insert into orders_status (orders_status_id, language_id, orders_status_name, public_flag, downloads_flag) values ('9', '3', 'Processing [inpay]', '1', '0');
insert into orders_status (orders_status_id, language_id, orders_status_name, public_flag, downloads_flag) values ('10', '1', 'Sum too low [inpay]', '1', '0');
insert into orders_status (orders_status_id, language_id, orders_status_name, public_flag, downloads_flag) values ('10', '2', 'Sum too low [inpay]', '1', '0');
insert into orders_status (orders_status_id, language_id, orders_status_name, public_flag, downloads_flag) values ('10', '3', 'Sum too low [inpay]', '1', '0');
insert into orders_status (orders_status_id, language_id, orders_status_name, public_flag, downloads_flag) values ('11', '1', 'Completed [inpay]', '1', '0');
insert into orders_status (orders_status_id, language_id, orders_status_name, public_flag, downloads_flag) values ('11', '2', 'Completed [inpay]', '1', '0');
insert into orders_status (orders_status_id, language_id, orders_status_name, public_flag, downloads_flag) values ('11', '3', 'Completed [inpay]', '1', '0');
drop table if exists orders_status_history;
create table orders_status_history (
  orders_status_history_id int(11) not null auto_increment,
  orders_id int(11) not null ,
  orders_status_id int(5) not null ,
  date_added datetime not null ,
  customer_notified int(1) default '0' ,
  comments text ,
  PRIMARY KEY (orders_status_history_id),
  KEY idx_orders_status_history_orders_id (orders_id)
);

insert into orders_status_history (orders_status_history_id, orders_id, orders_status_id, date_added, customer_notified, comments) values ('11', '9', '1', '2012-09-30 07:53:06', '1', 'hellow....');
insert into orders_status_history (orders_status_history_id, orders_id, orders_status_id, date_added, customer_notified, comments) values ('15', '13', '1', '2012-10-11 19:32:00', '1', '');
insert into orders_status_history (orders_status_history_id, orders_id, orders_status_id, date_added, customer_notified, comments) values ('16', '16', '1', '2013-03-24 07:00:52', '1', '');
insert into orders_status_history (orders_status_history_id, orders_id, orders_status_id, date_added, customer_notified, comments) values ('17', '16', '3', '2013-03-24 07:01:57', '1', '');
insert into orders_status_history (orders_status_history_id, orders_id, orders_status_id, date_added, customer_notified, comments) values ('18', '15', '3', '2013-03-24 07:02:16', '1', '');
insert into orders_status_history (orders_status_history_id, orders_id, orders_status_id, date_added, customer_notified, comments) values ('19', '17', '1', '2013-03-24 07:13:36', '1', '');
drop table if exists orders_total;
create table orders_total (
  orders_total_id int(10) unsigned not null auto_increment,
  orders_id int(11) not null ,
  title varchar(255) not null ,
  text varchar(255) not null ,
  value decimal(15,4) not null ,
  class varchar(32) not null ,
  sort_order int(11) not null ,
  PRIMARY KEY (orders_total_id),
  KEY idx_orders_total_orders_id (orders_id)
);

insert into orders_total (orders_total_id, orders_id, title, text, value, class, sort_order) values ('32', '9', 'Sub-Total:', '$1,174.25', '1174.2500', 'ot_subtotal', '1');
insert into orders_total (orders_total_id, orders_id, title, text, value, class, sort_order) values ('33', '9', 'FL TAX 7.0%:', '$54.25', '54.2500', 'ot_tax', '3');
insert into orders_total (orders_total_id, orders_id, title, text, value, class, sort_order) values ('34', '9', 'Flat Rate (Best Way):', '$5.00', '5.0000', 'ot_shipping', '2');
insert into orders_total (orders_total_id, orders_id, title, text, value, class, sort_order) values ('35', '9', 'Total:', '<strong>$1,179.25</strong>', '1179.2500', 'ot_total', '4');
insert into orders_total (orders_total_id, orders_id, title, text, value, class, sort_order) values ('47', '13', 'Sub-Total:', '$1,275.93', '1275.9300', 'ot_subtotal', '1');
insert into orders_total (orders_total_id, orders_id, title, text, value, class, sort_order) values ('48', '13', 'FL TAX 7.0%:', '$55.93', '55.9300', 'ot_tax', '3');
insert into orders_total (orders_total_id, orders_id, title, text, value, class, sort_order) values ('49', '13', 'Flat Rate (Best Way):', '$5.00', '5.0000', 'ot_shipping', '2');
insert into orders_total (orders_total_id, orders_id, title, text, value, class, sort_order) values ('50', '13', 'Total:', '<strong>$1,280.93</strong>', '1280.9300', 'ot_total', '4');
insert into orders_total (orders_total_id, orders_id, title, text, value, class, sort_order) values ('55', '15', 'Sub-Total:', '$962.09', '962.0900', 'ot_subtotal', '1');
insert into orders_total (orders_total_id, orders_id, title, text, value, class, sort_order) values ('56', '15', 'Free Shipping:', '$0.00', '0.0000', 'ot_shipping', '2');
insert into orders_total (orders_total_id, orders_id, title, text, value, class, sort_order) values ('57', '15', 'FL TAX 7.0%:', '$55.09', '55.0900', 'ot_tax', '3');
insert into orders_total (orders_total_id, orders_id, title, text, value, class, sort_order) values ('58', '15', 'Total:', '<strong>$962.09</strong>', '962.0900', 'ot_total', '4');
insert into orders_total (orders_total_id, orders_id, title, text, value, class, sort_order) values ('59', '16', 'Sub-Total:', '$593.85', '593.8500', 'ot_subtotal', '1');
insert into orders_total (orders_total_id, orders_id, title, text, value, class, sort_order) values ('60', '16', 'Free Shipping:', '$0.00', '0.0000', 'ot_shipping', '2');
insert into orders_total (orders_total_id, orders_id, title, text, value, class, sort_order) values ('61', '16', 'FL TAX 7.0%:', '$38.85', '38.8500', 'ot_tax', '3');
insert into orders_total (orders_total_id, orders_id, title, text, value, class, sort_order) values ('62', '16', 'Total:', '<strong>$593.85</strong>', '593.8500', 'ot_total', '4');
insert into orders_total (orders_total_id, orders_id, title, text, value, class, sort_order) values ('63', '17', 'Sub-Total:', '$128.40', '128.4000', 'ot_subtotal', '1');
insert into orders_total (orders_total_id, orders_id, title, text, value, class, sort_order) values ('64', '17', 'Per Item (Best Way):', '$2.50', '2.5000', 'ot_shipping', '2');
insert into orders_total (orders_total_id, orders_id, title, text, value, class, sort_order) values ('65', '17', 'FL TAX 7.0%:', '$8.40', '8.4000', 'ot_tax', '3');
insert into orders_total (orders_total_id, orders_id, title, text, value, class, sort_order) values ('66', '17', 'Total:', '<strong>$130.90</strong>', '130.9000', 'ot_total', '4');
drop table if exists products;
create table products (
  products_id int(11) not null auto_increment,
  products_quantity int(4) not null ,
  products_model varchar(12) ,
  products_image varchar(64) ,
  products_price decimal(15,4) not null ,
  products_date_added datetime not null ,
  products_last_modified datetime ,
  products_date_available datetime ,
  products_weight decimal(5,2) not null ,
  products_status tinyint(1) not null ,
  products_tax_class_id int(11) not null ,
  manufacturers_id int(11) ,
  products_ordered int(11) default '0' not null ,
  PRIMARY KEY (products_id),
  KEY idx_products_model (products_model),
  KEY idx_products_date_added (products_date_added)
);

insert into products (products_id, products_quantity, products_model, products_image, products_price, products_date_added, products_last_modified, products_date_available, products_weight, products_status, products_tax_class_id, manufacturers_id, products_ordered) values ('29', '22', 'B001', 'image-2.jpg', '223.0000', '2012-09-27 08:14:15', '2013-03-29 04:50:26', NULL, '2.00', '1', '1', '6', '1');
insert into products (products_id, products_quantity, products_model, products_image, products_price, products_date_added, products_last_modified, products_date_available, products_weight, products_status, products_tax_class_id, manufacturers_id, products_ordered) values ('30', '43', 'B002', 'image-1.jpg', '145.0000', '2012-09-27 08:15:24', '2012-11-23 10:47:00', NULL, '2.00', '1', '0', '6', '1');
insert into products (products_id, products_quantity, products_model, products_image, products_price, products_date_added, products_last_modified, products_date_available, products_weight, products_status, products_tax_class_id, manufacturers_id, products_ordered) values ('31', '53', 'b003', 'image-3.jpg', '234.0000', '2012-09-27 08:16:31', '2013-03-21 16:04:58', NULL, '2.00', '1', '1', '4', '2');
insert into products (products_id, products_quantity, products_model, products_image, products_price, products_date_added, products_last_modified, products_date_available, products_weight, products_status, products_tax_class_id, manufacturers_id, products_ordered) values ('32', '31', 'B003', 'image-1.jpg', '543.0000', '2012-09-27 08:18:54', '2012-11-23 10:51:08', NULL, '2.00', '1', '1', '4', '1');
insert into products (products_id, products_quantity, products_model, products_image, products_price, products_date_added, products_last_modified, products_date_available, products_weight, products_status, products_tax_class_id, manufacturers_id, products_ordered) values ('33', '51', 'B004', 'image-2.jpg', '232.0000', '2012-09-27 08:19:51', '2012-11-23 10:51:21', NULL, '2.00', '1', '1', '8', '3');
insert into products (products_id, products_quantity, products_model, products_image, products_price, products_date_added, products_last_modified, products_date_available, products_weight, products_status, products_tax_class_id, manufacturers_id, products_ordered) values ('34', '42', 'b005', 'image-3.jpg', '122.0000', '2012-09-27 08:21:47', '2013-03-15 09:03:36', '2013-05-31 00:00:00', '2.00', '1', '1', '9', '1');
insert into products (products_id, products_quantity, products_model, products_image, products_price, products_date_added, products_last_modified, products_date_available, products_weight, products_status, products_tax_class_id, manufacturers_id, products_ordered) values ('35', '54', 'B0019', 'image-1.jpg', '453.0000', '2012-09-27 08:22:52', '2012-11-23 10:51:49', NULL, '2.00', '1', '0', '9', '0');
insert into products (products_id, products_quantity, products_model, products_image, products_price, products_date_added, products_last_modified, products_date_available, products_weight, products_status, products_tax_class_id, manufacturers_id, products_ordered) values ('36', '84', 'B0020', 'image-2.jpg', '120.0000', '2012-09-27 08:23:51', '2013-03-15 09:03:58', '2013-05-31 00:00:00', '2.00', '1', '1', '9', '3');
insert into products (products_id, products_quantity, products_model, products_image, products_price, products_date_added, products_last_modified, products_date_available, products_weight, products_status, products_tax_class_id, manufacturers_id, products_ordered) values ('37', '34', 'B0021', 'image-2.jpg', '232.0000', '2012-09-27 08:25:53', '2012-11-23 10:52:18', NULL, '2.00', '1', '1', '5', '0');
insert into products (products_id, products_quantity, products_model, products_image, products_price, products_date_added, products_last_modified, products_date_available, products_weight, products_status, products_tax_class_id, manufacturers_id, products_ordered) values ('38', '42', 'B0022', 'image-1.jpg', '345.0000', '2012-09-27 08:27:41', '2012-11-23 10:53:25', NULL, '2.00', '1', '0', '4', '3');
drop table if exists products_attributes;
create table products_attributes (
  products_attributes_id int(11) not null auto_increment,
  products_id int(11) not null ,
  options_id int(11) not null ,
  options_values_id int(11) not null ,
  options_values_price decimal(15,4) not null ,
  price_prefix char(1) not null ,
  PRIMARY KEY (products_attributes_id),
  KEY idx_products_attributes_products_id (products_id)
);

insert into products_attributes (products_attributes_id, products_id, options_id, options_values_id, options_values_price, price_prefix) values ('1', '38', '1', '18', '34.0000', '+');
insert into products_attributes (products_attributes_id, products_id, options_id, options_values_id, options_values_price, price_prefix) values ('2', '38', '1', '19', '35.0000', '+');
insert into products_attributes (products_attributes_id, products_id, options_id, options_values_id, options_values_price, price_prefix) values ('3', '38', '1', '20', '36.0000', '+');
insert into products_attributes (products_attributes_id, products_id, options_id, options_values_id, options_values_price, price_prefix) values ('4', '38', '2', '16', '40.0000', '+');
insert into products_attributes (products_attributes_id, products_id, options_id, options_values_id, options_values_price, price_prefix) values ('5', '38', '2', '15', '41.0000', '+');
insert into products_attributes (products_attributes_id, products_id, options_id, options_values_id, options_values_price, price_prefix) values ('6', '38', '2', '17', '42.0000', '+');
insert into products_attributes (products_attributes_id, products_id, options_id, options_values_id, options_values_price, price_prefix) values ('7', '38', '2', '14', '43.0000', '+');
insert into products_attributes (products_attributes_id, products_id, options_id, options_values_id, options_values_price, price_prefix) values ('8', '31', '1', '19', '12.0000', '+');
insert into products_attributes (products_attributes_id, products_id, options_id, options_values_id, options_values_price, price_prefix) values ('9', '31', '1', '18', '14.0000', '+');
insert into products_attributes (products_attributes_id, products_id, options_id, options_values_id, options_values_price, price_prefix) values ('10', '31', '2', '16', '20.0000', '+');
insert into products_attributes (products_attributes_id, products_id, options_id, options_values_id, options_values_price, price_prefix) values ('11', '31', '2', '15', '22.0000', '+');
insert into products_attributes (products_attributes_id, products_id, options_id, options_values_id, options_values_price, price_prefix) values ('12', '31', '5', '10', '50.0000', '+');
insert into products_attributes (products_attributes_id, products_id, options_id, options_values_id, options_values_price, price_prefix) values ('13', '37', '1', '3', '0.0000', '+');
insert into products_attributes (products_attributes_id, products_id, options_id, options_values_id, options_values_price, price_prefix) values ('14', '37', '1', '3', '0.0000', '+');
drop table if exists products_attributes_download;
create table products_attributes_download (
  products_attributes_id int(11) not null ,
  products_attributes_filename varchar(255) not null ,
  products_attributes_maxdays int(2) default '0' ,
  products_attributes_maxcount int(2) default '0' ,
  PRIMARY KEY (products_attributes_id)
);

insert into products_attributes_download (products_attributes_id, products_attributes_filename, products_attributes_maxdays, products_attributes_maxcount) values ('12', 'unreal.zip', '12', '5');
insert into products_attributes_download (products_attributes_id, products_attributes_filename, products_attributes_maxdays, products_attributes_maxcount) values ('26', 'unreal.zip', '7', '3');
drop table if exists products_description;
create table products_description (
  products_id int(11) not null auto_increment,
  language_id int(11) default '1' not null ,
  products_name varchar(64) not null ,
  products_description text ,
  products_url varchar(255) ,
  products_viewed int(5) default '0' ,
  PRIMARY KEY (products_id, language_id),
  KEY products_name (products_name)
);

insert into products_description (products_id, language_id, products_name, products_description, products_url, products_viewed) values ('29', '1', 'Ipsum Amet', 'Lorem ipsum dolor sit amet, consectetur adipiscing elit. Fusce ac libero sit amet ipsum facilisis mattis quis feugiat quam. Nulla facilisi. Nam molestie, justo eget fermentum gravida, mi metus consequat lorem, et fermentum felis tellus vitae ipsum. Etiam a felis diam. Praesent ornare, massa vel commodo faucibus, leo lacus interdum sapien, quis feugiat justo ante eu libero. Integer pellentesque iaculis ipsum, et auctor turpis porttitor eget. Curabitur sit amet neque quis massa vulputate egestas vel nec tellus. Nam non metus arcu, non aliquet enim. Mauris viverra velit eu ligula malesuada eget tincidunt lectus egestas. Suspendisse potenti. Proin nec justo arcu. Mauris consequat augue id quam tincidunt iaculis. In quam diam, ultrices id malesuada id, hendrerit sed nisi. Aliquam ut leo leo. Integer posuere semper sem id gravida. Vestibulum ultrices tempor aliquet.', 'http://www.apple.com', '6');
insert into products_description (products_id, language_id, products_name, products_description, products_url, products_viewed) values ('29', '2', 'Ipsum Amet', 'Lorem ipsum dolor sit amet, consectetur adipiscing elit. Fusce ac libero sit amet ipsum facilisis mattis quis feugiat quam. Nulla facilisi. Nam molestie, justo eget fermentum gravida, mi metus consequat lorem, et fermentum felis tellus vitae ipsum. Etiam a felis diam. Praesent ornare, massa vel commodo faucibus, leo lacus interdum sapien, quis feugiat justo ante eu libero. Integer pellentesque iaculis ipsum, et auctor turpis porttitor eget. Curabitur sit amet neque quis massa vulputate egestas vel nec tellus. Nam non metus arcu, non aliquet enim. Mauris viverra velit eu ligula malesuada eget tincidunt lectus egestas. Suspendisse potenti. Proin nec justo arcu. Mauris consequat augue id quam tincidunt iaculis. In quam diam, ultrices id malesuada id, hendrerit sed nisi. Aliquam ut leo leo. Integer posuere semper sem id gravida. Vestibulum ultrices tempor aliquet.', 'http://www.apple.com', '0');
insert into products_description (products_id, language_id, products_name, products_description, products_url, products_viewed) values ('29', '3', 'Ipsum Amet', 'Lorem ipsum dolor sit amet, consectetur adipiscing elit. Fusce ac libero sit amet ipsum facilisis mattis quis feugiat quam. Nulla facilisi. Nam molestie, justo eget fermentum gravida, mi metus consequat lorem, et fermentum felis tellus vitae ipsum. Etiam a felis diam. Praesent ornare, massa vel commodo faucibus, leo lacus interdum sapien, quis feugiat justo ante eu libero. Integer pellentesque iaculis ipsum, et auctor turpis porttitor eget. Curabitur sit amet neque quis massa vulputate egestas vel nec tellus. Nam non metus arcu, non aliquet enim. Mauris viverra velit eu ligula malesuada eget tincidunt lectus egestas. Suspendisse potenti. Proin nec justo arcu. Mauris consequat augue id quam tincidunt iaculis. In quam diam, ultrices id malesuada id, hendrerit sed nisi. Aliquam ut leo leo. Integer posuere semper sem id gravida. Vestibulum ultrices tempor aliquet.', 'http://www.apple.com', '0');
insert into products_description (products_id, language_id, products_name, products_description, products_url, products_viewed) values ('30', '1', 'Set Dolor', 'Lorem ipsum dolor sit amet, consectetur adipiscing elit. Fusce ac libero sit amet ipsum facilisis mattis quis feugiat quam. Nulla facilisi. Nam molestie, justo eget fermentum gravida, mi metus consequat lorem, et fermentum felis tellus vitae ipsum. Etiam a felis diam. Praesent ornare, massa vel commodo faucibus, leo lacus interdum sapien, quis feugiat justo ante eu libero. Integer pellentesque iaculis ipsum, et auctor turpis porttitor eget. Curabitur sit amet neque quis massa vulputate egestas vel nec tellus. Nam non metus arcu, non aliquet enim. Mauris viverra velit eu ligula malesuada eget tincidunt lectus egestas. Suspendisse potenti. Proin nec justo arcu. Mauris consequat augue id quam tincidunt iaculis. In quam diam, ultrices id malesuada id, hendrerit sed nisi. Aliquam ut leo leo. Integer posuere semper sem id gravida. Vestibulum ultrices tempor aliquet.', 'http://www.heaven.com', '10');
insert into products_description (products_id, language_id, products_name, products_description, products_url, products_viewed) values ('30', '2', 'Set Dolor', 'Lorem ipsum dolor sit amet, consectetur adipiscing elit. Fusce ac libero sit amet ipsum facilisis mattis quis feugiat quam. Nulla facilisi. Nam molestie, justo eget fermentum gravida, mi metus consequat lorem, et fermentum felis tellus vitae ipsum. Etiam a felis diam. Praesent ornare, massa vel commodo faucibus, leo lacus interdum sapien, quis feugiat justo ante eu libero. Integer pellentesque iaculis ipsum, et auctor turpis porttitor eget. Curabitur sit amet neque quis massa vulputate egestas vel nec tellus. Nam non metus arcu, non aliquet enim. Mauris viverra velit eu ligula malesuada eget tincidunt lectus egestas. Suspendisse potenti. Proin nec justo arcu. Mauris consequat augue id quam tincidunt iaculis. In quam diam, ultrices id malesuada id, hendrerit sed nisi. Aliquam ut leo leo. Integer posuere semper sem id gravida. Vestibulum ultrices tempor aliquet.', 'http://www.heaven.com', '0');
insert into products_description (products_id, language_id, products_name, products_description, products_url, products_viewed) values ('30', '3', 'Set Dolor', 'Lorem ipsum dolor sit amet, consectetur adipiscing elit. Fusce ac libero sit amet ipsum facilisis mattis quis feugiat quam. Nulla facilisi. Nam molestie, justo eget fermentum gravida, mi metus consequat lorem, et fermentum felis tellus vitae ipsum. Etiam a felis diam. Praesent ornare, massa vel commodo faucibus, leo lacus interdum sapien, quis feugiat justo ante eu libero. Integer pellentesque iaculis ipsum, et auctor turpis porttitor eget. Curabitur sit amet neque quis massa vulputate egestas vel nec tellus. Nam non metus arcu, non aliquet enim. Mauris viverra velit eu ligula malesuada eget tincidunt lectus egestas. Suspendisse potenti. Proin nec justo arcu. Mauris consequat augue id quam tincidunt iaculis. In quam diam, ultrices id malesuada id, hendrerit sed nisi. Aliquam ut leo leo. Integer posuere semper sem id gravida. Vestibulum ultrices tempor aliquet.', 'http://www.heaven.com', '0');
insert into products_description (products_id, language_id, products_name, products_description, products_url, products_viewed) values ('31', '1', 'Fuis Lorem', 'Lorem ipsum dolor sit amet, consectetur adipiscing elit. Fusce ac libero sit amet ipsum facilisis mattis quis feugiat quam. Nulla facilisi. Nam molestie, justo eget fermentum gravida, mi metus consequat lorem, et fermentum felis tellus vitae ipsum. Etiam a felis diam. Praesent ornare, massa vel commodo faucibus, leo lacus interdum sapien, quis feugiat justo ante eu libero. Integer pellentesque iaculis ipsum, et auctor turpis porttitor eget. Curabitur sit amet neque quis massa vulputate egestas vel nec tellus. Nam non metus arcu, non aliquet enim. Mauris viverra velit eu ligula malesuada eget tincidunt lectus egestas. Suspendisse potenti. Proin nec justo arcu. Mauris consequat augue id quam tincidunt iaculis. In quam diam, ultrices id malesuada id, hendrerit sed nisi. Aliquam ut leo leo. Integer posuere semper sem id gravida. Vestibulum ultrices tempor aliquet.', 'http://www.kingdom.com', '24');
insert into products_description (products_id, language_id, products_name, products_description, products_url, products_viewed) values ('31', '2', 'Fuis Lorem', 'Lorem ipsum dolor sit amet, consectetur adipiscing elit. Fusce ac libero sit amet ipsum facilisis mattis quis feugiat quam. Nulla facilisi. Nam molestie, justo eget fermentum gravida, mi metus consequat lorem, et fermentum felis tellus vitae ipsum. Etiam a felis diam. Praesent ornare, massa vel commodo faucibus, leo lacus interdum sapien, quis feugiat justo ante eu libero. Integer pellentesque iaculis ipsum, et auctor turpis porttitor eget. Curabitur sit amet neque quis massa vulputate egestas vel nec tellus. Nam non metus arcu, non aliquet enim. Mauris viverra velit eu ligula malesuada eget tincidunt lectus egestas. Suspendisse potenti. Proin nec justo arcu. Mauris consequat augue id quam tincidunt iaculis. In quam diam, ultrices id malesuada id, hendrerit sed nisi. Aliquam ut leo leo. Integer posuere semper sem id gravida. Vestibulum ultrices tempor aliquet.', 'http://www.kingdom.com', '0');
insert into products_description (products_id, language_id, products_name, products_description, products_url, products_viewed) values ('31', '3', 'Fuis Lorem', 'Lorem ipsum dolor sit amet, consectetur adipiscing elit. Fusce ac libero sit amet ipsum facilisis mattis quis feugiat quam. Nulla facilisi. Nam molestie, justo eget fermentum gravida, mi metus consequat lorem, et fermentum felis tellus vitae ipsum. Etiam a felis diam. Praesent ornare, massa vel commodo faucibus, leo lacus interdum sapien, quis feugiat justo ante eu libero. Integer pellentesque iaculis ipsum, et auctor turpis porttitor eget. Curabitur sit amet neque quis massa vulputate egestas vel nec tellus. Nam non metus arcu, non aliquet enim. Mauris viverra velit eu ligula malesuada eget tincidunt lectus egestas. Suspendisse potenti. Proin nec justo arcu. Mauris consequat augue id quam tincidunt iaculis. In quam diam, ultrices id malesuada id, hendrerit sed nisi. Aliquam ut leo leo. Integer posuere semper sem id gravida. Vestibulum ultrices tempor aliquet.', 'http://www.kingdom.com', '0');
insert into products_description (products_id, language_id, products_name, products_description, products_url, products_viewed) values ('32', '1', 'Lorem Dolor', 'Lorem ipsum dolor sit amet, consectetur adipiscing elit. Fusce ac libero sit amet ipsum facilisis mattis quis feugiat quam. Nulla facilisi. Nam molestie, justo eget fermentum gravida, mi metus consequat lorem, et fermentum felis tellus vitae ipsum. Etiam a felis diam. Praesent ornare, massa vel commodo faucibus, leo lacus interdum sapien, quis feugiat justo ante eu libero. Integer pellentesque iaculis ipsum, et auctor turpis porttitor eget. Curabitur sit amet neque quis massa vulputate egestas vel nec tellus. Nam non metus arcu, non aliquet enim. Mauris viverra velit eu ligula malesuada eget tincidunt lectus egestas. Suspendisse potenti. Proin nec justo arcu. Mauris consequat augue id quam tincidunt iaculis. In quam diam, ultrices id malesuada id, hendrerit sed nisi. Aliquam ut leo leo. Integer posuere semper sem id gravida. Vestibulum ultrices tempor aliquet.', 'http://www.kingdom.com', '0');
insert into products_description (products_id, language_id, products_name, products_description, products_url, products_viewed) values ('32', '2', 'Lorem Dolor', 'Lorem ipsum dolor sit amet, consectetur adipiscing elit. Fusce ac libero sit amet ipsum facilisis mattis quis feugiat quam. Nulla facilisi. Nam molestie, justo eget fermentum gravida, mi metus consequat lorem, et fermentum felis tellus vitae ipsum. Etiam a felis diam. Praesent ornare, massa vel commodo faucibus, leo lacus interdum sapien, quis feugiat justo ante eu libero. Integer pellentesque iaculis ipsum, et auctor turpis porttitor eget. Curabitur sit amet neque quis massa vulputate egestas vel nec tellus. Nam non metus arcu, non aliquet enim. Mauris viverra velit eu ligula malesuada eget tincidunt lectus egestas. Suspendisse potenti. Proin nec justo arcu. Mauris consequat augue id quam tincidunt iaculis. In quam diam, ultrices id malesuada id, hendrerit sed nisi. Aliquam ut leo leo. Integer posuere semper sem id gravida. Vestibulum ultrices tempor aliquet.', 'http://www.kingdom.com', '0');
insert into products_description (products_id, language_id, products_name, products_description, products_url, products_viewed) values ('32', '3', 'Lorem Dolor', 'Lorem ipsum dolor sit amet, consectetur adipiscing elit. Fusce ac libero sit amet ipsum facilisis mattis quis feugiat quam. Nulla facilisi. Nam molestie, justo eget fermentum gravida, mi metus consequat lorem, et fermentum felis tellus vitae ipsum. Etiam a felis diam. Praesent ornare, massa vel commodo faucibus, leo lacus interdum sapien, quis feugiat justo ante eu libero. Integer pellentesque iaculis ipsum, et auctor turpis porttitor eget. Curabitur sit amet neque quis massa vulputate egestas vel nec tellus. Nam non metus arcu, non aliquet enim. Mauris viverra velit eu ligula malesuada eget tincidunt lectus egestas. Suspendisse potenti. Proin nec justo arcu. Mauris consequat augue id quam tincidunt iaculis. In quam diam, ultrices id malesuada id, hendrerit sed nisi. Aliquam ut leo leo. Integer posuere semper sem id gravida. Vestibulum ultrices tempor aliquet.', 'http://www.kingdom.com', '0');
insert into products_description (products_id, language_id, products_name, products_description, products_url, products_viewed) values ('33', '1', 'Lorem Dolor Amet', 'Lorem ipsum dolor sit amet, consectetur adipiscing elit. Fusce ac libero sit amet ipsum facilisis mattis quis feugiat quam. Nulla facilisi. Nam molestie, justo eget fermentum gravida, mi metus consequat lorem, et fermentum felis tellus vitae ipsum. Etiam a felis diam. Praesent ornare, massa vel commodo faucibus, leo lacus interdum sapien, quis feugiat justo ante eu libero. Integer pellentesque iaculis ipsum, et auctor turpis porttitor eget. Curabitur sit amet neque quis massa vulputate egestas vel nec tellus. Nam non metus arcu, non aliquet enim. Mauris viverra velit eu ligula malesuada eget tincidunt lectus egestas. Suspendisse potenti. Proin nec justo arcu. Mauris consequat augue id quam tincidunt iaculis. In quam diam, ultrices id malesuada id, hendrerit sed nisi. Aliquam ut leo leo. Integer posuere semper sem id gravida. Vestibulum ultrices tempor aliquet.', 'http://www.omega.com', '7');
insert into products_description (products_id, language_id, products_name, products_description, products_url, products_viewed) values ('33', '2', 'Lorem Dolor Amet', 'Lorem ipsum dolor sit amet, consectetur adipiscing elit. Fusce ac libero sit amet ipsum facilisis mattis quis feugiat quam. Nulla facilisi. Nam molestie, justo eget fermentum gravida, mi metus consequat lorem, et fermentum felis tellus vitae ipsum. Etiam a felis diam. Praesent ornare, massa vel commodo faucibus, leo lacus interdum sapien, quis feugiat justo ante eu libero. Integer pellentesque iaculis ipsum, et auctor turpis porttitor eget. Curabitur sit amet neque quis massa vulputate egestas vel nec tellus. Nam non metus arcu, non aliquet enim. Mauris viverra velit eu ligula malesuada eget tincidunt lectus egestas. Suspendisse potenti. Proin nec justo arcu. Mauris consequat augue id quam tincidunt iaculis. In quam diam, ultrices id malesuada id, hendrerit sed nisi. Aliquam ut leo leo. Integer posuere semper sem id gravida. Vestibulum ultrices tempor aliquet.', 'http://www.omega.com', '0');
insert into products_description (products_id, language_id, products_name, products_description, products_url, products_viewed) values ('33', '3', 'Lorem Dolor Amet', 'Lorem ipsum dolor sit amet, consectetur adipiscing elit. Fusce ac libero sit amet ipsum facilisis mattis quis feugiat quam. Nulla facilisi. Nam molestie, justo eget fermentum gravida, mi metus consequat lorem, et fermentum felis tellus vitae ipsum. Etiam a felis diam. Praesent ornare, massa vel commodo faucibus, leo lacus interdum sapien, quis feugiat justo ante eu libero. Integer pellentesque iaculis ipsum, et auctor turpis porttitor eget. Curabitur sit amet neque quis massa vulputate egestas vel nec tellus. Nam non metus arcu, non aliquet enim. Mauris viverra velit eu ligula malesuada eget tincidunt lectus egestas. Suspendisse potenti. Proin nec justo arcu. Mauris consequat augue id quam tincidunt iaculis. In quam diam, ultrices id malesuada id, hendrerit sed nisi. Aliquam ut leo leo. Integer posuere semper sem id gravida. Vestibulum ultrices tempor aliquet.', 'http://www.omega.com', '0');
insert into products_description (products_id, language_id, products_name, products_description, products_url, products_viewed) values ('34', '1', 'Fuis Amet Lorem', 'Lorem ipsum dolor sit amet, consectetur adipiscing elit. Fusce ac libero sit amet ipsum facilisis mattis quis feugiat quam. Nulla facilisi. Nam molestie, justo eget fermentum gravida, mi metus consequat lorem, et fermentum felis tellus vitae ipsum. Etiam a felis diam. Praesent ornare, massa vel commodo faucibus, leo lacus interdum sapien, quis feugiat justo ante eu libero. Integer pellentesque iaculis ipsum, et auctor turpis porttitor eget. Curabitur sit amet neque quis massa vulputate egestas vel nec tellus. Nam non metus arcu, non aliquet enim. Mauris viverra velit eu ligula malesuada eget tincidunt lectus egestas. Suspendisse potenti. Proin nec justo arcu. Mauris consequat augue id quam tincidunt iaculis. In quam diam, ultrices id malesuada id, hendrerit sed nisi. Aliquam ut leo leo. Integer posuere semper sem id gravida. Vestibulum ultrices tempor aliquet.', 'http://www.grammar.com', '6');
insert into products_description (products_id, language_id, products_name, products_description, products_url, products_viewed) values ('34', '2', 'Fuis Amet Lorem', 'Lorem ipsum dolor sit amet, consectetur adipiscing elit. Fusce ac libero sit amet ipsum facilisis mattis quis feugiat quam. Nulla facilisi. Nam molestie, justo eget fermentum gravida, mi metus consequat lorem, et fermentum felis tellus vitae ipsum. Etiam a felis diam. Praesent ornare, massa vel commodo faucibus, leo lacus interdum sapien, quis feugiat justo ante eu libero. Integer pellentesque iaculis ipsum, et auctor turpis porttitor eget. Curabitur sit amet neque quis massa vulputate egestas vel nec tellus. Nam non metus arcu, non aliquet enim. Mauris viverra velit eu ligula malesuada eget tincidunt lectus egestas. Suspendisse potenti. Proin nec justo arcu. Mauris consequat augue id quam tincidunt iaculis. In quam diam, ultrices id malesuada id, hendrerit sed nisi. Aliquam ut leo leo. Integer posuere semper sem id gravida. Vestibulum ultrices tempor aliquet.', 'http://www.grammar.com', '0');
insert into products_description (products_id, language_id, products_name, products_description, products_url, products_viewed) values ('34', '3', 'Fuis Amet Lorem', 'Lorem ipsum dolor sit amet, consectetur adipiscing elit. Fusce ac libero sit amet ipsum facilisis mattis quis feugiat quam. Nulla facilisi. Nam molestie, justo eget fermentum gravida, mi metus consequat lorem, et fermentum felis tellus vitae ipsum. Etiam a felis diam. Praesent ornare, massa vel commodo faucibus, leo lacus interdum sapien, quis feugiat justo ante eu libero. Integer pellentesque iaculis ipsum, et auctor turpis porttitor eget. Curabitur sit amet neque quis massa vulputate egestas vel nec tellus. Nam non metus arcu, non aliquet enim. Mauris viverra velit eu ligula malesuada eget tincidunt lectus egestas. Suspendisse potenti. Proin nec justo arcu. Mauris consequat augue id quam tincidunt iaculis. In quam diam, ultrices id malesuada id, hendrerit sed nisi. Aliquam ut leo leo. Integer posuere semper sem id gravida. Vestibulum ultrices tempor aliquet.', 'http://www.grammar.com', '0');
insert into products_description (products_id, language_id, products_name, products_description, products_url, products_viewed) values ('35', '1', 'Lorem Dolor Fuis', 'Lorem ipsum dolor sit amet, consectetur adipiscing elit. Fusce ac libero sit amet ipsum facilisis mattis quis feugiat quam. Nulla facilisi. Nam molestie, justo eget fermentum gravida, mi metus consequat lorem, et fermentum felis tellus vitae ipsum. Etiam a felis diam. Praesent ornare, massa vel commodo faucibus, leo lacus interdum sapien, quis feugiat justo ante eu libero. Integer pellentesque iaculis ipsum, et auctor turpis porttitor eget. Curabitur sit amet neque quis massa vulputate egestas vel nec tellus. Nam non metus arcu, non aliquet enim. Mauris viverra velit eu ligula malesuada eget tincidunt lectus egestas. Suspendisse potenti. Proin nec justo arcu. Mauris consequat augue id quam tincidunt iaculis. In quam diam, ultrices id malesuada id, hendrerit sed nisi. Aliquam ut leo leo. Integer posuere semper sem id gravida. Vestibulum ultrices tempor aliquet.', 'http://www.atlas.com', '45');
insert into products_description (products_id, language_id, products_name, products_description, products_url, products_viewed) values ('35', '2', 'Lorem Dolor Fuis', 'Lorem ipsum dolor sit amet, consectetur adipiscing elit. Fusce ac libero sit amet ipsum facilisis mattis quis feugiat quam. Nulla facilisi. Nam molestie, justo eget fermentum gravida, mi metus consequat lorem, et fermentum felis tellus vitae ipsum. Etiam a felis diam. Praesent ornare, massa vel commodo faucibus, leo lacus interdum sapien, quis feugiat justo ante eu libero. Integer pellentesque iaculis ipsum, et auctor turpis porttitor eget. Curabitur sit amet neque quis massa vulputate egestas vel nec tellus. Nam non metus arcu, non aliquet enim. Mauris viverra velit eu ligula malesuada eget tincidunt lectus egestas. Suspendisse potenti. Proin nec justo arcu. Mauris consequat augue id quam tincidunt iaculis. In quam diam, ultrices id malesuada id, hendrerit sed nisi. Aliquam ut leo leo. Integer posuere semper sem id gravida. Vestibulum ultrices tempor aliquet.', 'http://www.atlas.com', '0');
insert into products_description (products_id, language_id, products_name, products_description, products_url, products_viewed) values ('35', '3', 'Lorem Dolor Fuis', 'Lorem ipsum dolor sit amet, consectetur adipiscing elit. Fusce ac libero sit amet ipsum facilisis mattis quis feugiat quam. Nulla facilisi. Nam molestie, justo eget fermentum gravida, mi metus consequat lorem, et fermentum felis tellus vitae ipsum. Etiam a felis diam. Praesent ornare, massa vel commodo faucibus, leo lacus interdum sapien, quis feugiat justo ante eu libero. Integer pellentesque iaculis ipsum, et auctor turpis porttitor eget. Curabitur sit amet neque quis massa vulputate egestas vel nec tellus. Nam non metus arcu, non aliquet enim. Mauris viverra velit eu ligula malesuada eget tincidunt lectus egestas. Suspendisse potenti. Proin nec justo arcu. Mauris consequat augue id quam tincidunt iaculis. In quam diam, ultrices id malesuada id, hendrerit sed nisi. Aliquam ut leo leo. Integer posuere semper sem id gravida. Vestibulum ultrices tempor aliquet.', 'http://www.atlas.com', '0');
insert into products_description (products_id, language_id, products_name, products_description, products_url, products_viewed) values ('36', '1', 'Set Amet Lorem', 'Lorem ipsum dolor sit amet, consectetur adipiscing elit. Fusce ac libero sit amet ipsum facilisis mattis quis feugiat quam. Nulla facilisi. Nam molestie, justo eget fermentum gravida, mi metus consequat lorem, et fermentum felis tellus vitae ipsum. Etiam a felis diam. Praesent ornare, massa vel commodo faucibus, leo lacus interdum sapien, quis feugiat justo ante eu libero. Integer pellentesque iaculis ipsum, et auctor turpis porttitor eget. Curabitur sit amet neque quis massa vulputate egestas vel nec tellus. Nam non metus arcu, non aliquet enim. Mauris viverra velit eu ligula malesuada eget tincidunt lectus egestas. Suspendisse potenti. Proin nec justo arcu. Mauris consequat augue id quam tincidunt iaculis. In quam diam, ultrices id malesuada id, hendrerit sed nisi. Aliquam ut leo leo. Integer posuere semper sem id gravida. Vestibulum ultrices tempor aliquet.', 'http://www.noticer.com', '9');
insert into products_description (products_id, language_id, products_name, products_description, products_url, products_viewed) values ('36', '2', 'Set Amet Lorem', 'Lorem ipsum dolor sit amet, consectetur adipiscing elit. Fusce ac libero sit amet ipsum facilisis mattis quis feugiat quam. Nulla facilisi. Nam molestie, justo eget fermentum gravida, mi metus consequat lorem, et fermentum felis tellus vitae ipsum. Etiam a felis diam. Praesent ornare, massa vel commodo faucibus, leo lacus interdum sapien, quis feugiat justo ante eu libero. Integer pellentesque iaculis ipsum, et auctor turpis porttitor eget. Curabitur sit amet neque quis massa vulputate egestas vel nec tellus. Nam non metus arcu, non aliquet enim. Mauris viverra velit eu ligula malesuada eget tincidunt lectus egestas. Suspendisse potenti. Proin nec justo arcu. Mauris consequat augue id quam tincidunt iaculis. In quam diam, ultrices id malesuada id, hendrerit sed nisi. Aliquam ut leo leo. Integer posuere semper sem id gravida. Vestibulum ultrices tempor aliquet.', 'http://www.noticer.com', '0');
insert into products_description (products_id, language_id, products_name, products_description, products_url, products_viewed) values ('36', '3', 'Set Amet Lorem', 'Lorem ipsum dolor sit amet, consectetur adipiscing elit. Fusce ac libero sit amet ipsum facilisis mattis quis feugiat quam. Nulla facilisi. Nam molestie, justo eget fermentum gravida, mi metus consequat lorem, et fermentum felis tellus vitae ipsum. Etiam a felis diam. Praesent ornare, massa vel commodo faucibus, leo lacus interdum sapien, quis feugiat justo ante eu libero. Integer pellentesque iaculis ipsum, et auctor turpis porttitor eget. Curabitur sit amet neque quis massa vulputate egestas vel nec tellus. Nam non metus arcu, non aliquet enim. Mauris viverra velit eu ligula malesuada eget tincidunt lectus egestas. Suspendisse potenti. Proin nec justo arcu. Mauris consequat augue id quam tincidunt iaculis. In quam diam, ultrices id malesuada id, hendrerit sed nisi. Aliquam ut leo leo. Integer posuere semper sem id gravida. Vestibulum ultrices tempor aliquet.', 'http://www.noticer.com', '0');
insert into products_description (products_id, language_id, products_name, products_description, products_url, products_viewed) values ('37', '1', 'Cons Ipsum', 'Morbi ligula justo, commodo id rhoncus nec, mollis nec nisi. Sed tortor lectus, posuere sed lobortis vitae, aliquam a sem. In adipiscing nibh a turpis mollis vitae dignissim elit sollicitudin. Quisque eget purus et tortor tristique dapibus. Vestibulum vitae felis ac orci euismod vestibulum. Nulla lobortis posuere facilisis. Nunc sapien diam, ultricies sed consectetur nec, congue in augue. Praesent vitae nisi quis augue tincidunt pretium a in diam.', 'http://www.belly.com', '7');
insert into products_description (products_id, language_id, products_name, products_description, products_url, products_viewed) values ('37', '2', 'Cons Ipsum', 'Morbi ligula justo, commodo id rhoncus nec, mollis nec nisi. Sed tortor lectus, posuere sed lobortis vitae, aliquam a sem. In adipiscing nibh a turpis mollis vitae dignissim elit sollicitudin. Quisque eget purus et tortor tristique dapibus. Vestibulum vitae felis ac orci euismod vestibulum. Nulla lobortis posuere facilisis. Nunc sapien diam, ultricies sed consectetur nec, congue in augue. Praesent vitae nisi quis augue tincidunt pretium a in diam.', 'http://www.belly.com', '0');
insert into products_description (products_id, language_id, products_name, products_description, products_url, products_viewed) values ('37', '3', 'Cons Ipsum', 'Morbi ligula justo, commodo id rhoncus nec, mollis nec nisi. Sed tortor lectus, posuere sed lobortis vitae, aliquam a sem. In adipiscing nibh a turpis mollis vitae dignissim elit sollicitudin. Quisque eget purus et tortor tristique dapibus. Vestibulum vitae felis ac orci euismod vestibulum. Nulla lobortis posuere facilisis. Nunc sapien diam, ultricies sed consectetur nec, congue in augue. Praesent vitae nisi quis augue tincidunt pretium a in diam.', 'http://www.belly.com', '0');
insert into products_description (products_id, language_id, products_name, products_description, products_url, products_viewed) values ('38', '1', 'Duios Lorem Ipsim', 'Morbi ligula justo, commodo id rhoncus nec, mollis nec nisi. Sed tortor lectus, posuere sed lobortis vitae, aliquam a sem. In adipiscing nibh a turpis mollis vitae dignissim elit sollicitudin. Quisque eget purus et tortor tristique dapibus. Vestibulum vitae felis ac orci euismod vestibulum. Nulla lobortis posuere facilisis. Nunc sapien diam, ultricies sed consectetur nec, congue in augue. Praesent vitae nisi quis augue tincidunt pretium a in diam.', 'http://www.fat.com', '127');
insert into products_description (products_id, language_id, products_name, products_description, products_url, products_viewed) values ('38', '2', 'Duios Lorem Ipsim', 'Morbi ligula justo, commodo id rhoncus nec, mollis nec nisi. Sed tortor lectus, posuere sed lobortis vitae, aliquam a sem. In adipiscing nibh a turpis mollis vitae dignissim elit sollicitudin. Quisque eget purus et tortor tristique dapibus. Vestibulum vitae felis ac orci euismod vestibulum. Nulla lobortis posuere facilisis. Nunc sapien diam, ultricies sed consectetur nec, congue in augue. Praesent vitae nisi quis augue tincidunt pretium a in diam.', 'http://www.fat.com', '0');
insert into products_description (products_id, language_id, products_name, products_description, products_url, products_viewed) values ('38', '3', 'Duios Lorem Ipsim', 'Morbi ligula justo, commodo id rhoncus nec, mollis nec nisi. Sed tortor lectus, posuere sed lobortis vitae, aliquam a sem. In adipiscing nibh a turpis mollis vitae dignissim elit sollicitudin. Quisque eget purus et tortor tristique dapibus. Vestibulum vitae felis ac orci euismod vestibulum. Nulla lobortis posuere facilisis. Nunc sapien diam, ultricies sed consectetur nec, congue in augue. Praesent vitae nisi quis augue tincidunt pretium a in diam.', 'http://www.fat.com', '0');
drop table if exists products_images;
create table products_images (
  id int(11) not null auto_increment,
  products_id int(11) not null ,
  image varchar(64) ,
  htmlcontent text ,
  sort_order int(11) not null ,
  PRIMARY KEY (id),
  KEY products_images_prodid (products_id)
);

insert into products_images (id, products_id, image, htmlcontent, sort_order) values ('4', '38', 'large-1.jpg', '', '1');
insert into products_images (id, products_id, image, htmlcontent, sort_order) values ('5', '38', 'large-2.jpg', '', '2');
insert into products_images (id, products_id, image, htmlcontent, sort_order) values ('6', '38', 'large-3.jpg', '', '3');
insert into products_images (id, products_id, image, htmlcontent, sort_order) values ('7', '38', 'large-1.jpg', '', '4');
insert into products_images (id, products_id, image, htmlcontent, sort_order) values ('8', '38', 'large-2.jpg', '', '5');
insert into products_images (id, products_id, image, htmlcontent, sort_order) values ('9', '38', 'large-3.jpg', '', '6');
drop table if exists products_notifications;
create table products_notifications (
  products_id int(11) not null ,
  customers_id int(11) not null ,
  date_added datetime not null ,
  PRIMARY KEY (products_id, customers_id)
);

insert into products_notifications (products_id, customers_id, date_added) values ('5', '1', '2012-08-25 11:34:42');
insert into products_notifications (products_id, customers_id, date_added) values ('21', '1', '2012-09-23 15:23:22');
insert into products_notifications (products_id, customers_id, date_added) values ('22', '1', '2012-09-23 22:37:48');
insert into products_notifications (products_id, customers_id, date_added) values ('29', '1', '2012-10-11 11:00:13');
insert into products_notifications (products_id, customers_id, date_added) values ('31', '1', '2012-09-28 20:29:00');
insert into products_notifications (products_id, customers_id, date_added) values ('32', '1', '2012-09-28 20:29:00');
insert into products_notifications (products_id, customers_id, date_added) values ('33', '1', '2012-09-30 07:53:21');
insert into products_notifications (products_id, customers_id, date_added) values ('35', '1', '2012-09-29 10:46:47');
drop table if exists products_options;
create table products_options (
  products_options_id int(11) default '0' not null ,
  language_id int(11) default '1' not null ,
  products_options_name varchar(32) not null ,
  PRIMARY KEY (products_options_id, language_id)
);

insert into products_options (products_options_id, language_id, products_options_name) values ('1', '1', 'Color');
insert into products_options (products_options_id, language_id, products_options_name) values ('1', '2', 'Color');
insert into products_options (products_options_id, language_id, products_options_name) values ('1', '3', 'Color');
insert into products_options (products_options_id, language_id, products_options_name) values ('2', '1', 'Size');
insert into products_options (products_options_id, language_id, products_options_name) values ('2', '2', 'Size');
insert into products_options (products_options_id, language_id, products_options_name) values ('2', '3', 'Size');
insert into products_options (products_options_id, language_id, products_options_name) values ('3', '1', 'Model');
insert into products_options (products_options_id, language_id, products_options_name) values ('3', '2', 'Model');
insert into products_options (products_options_id, language_id, products_options_name) values ('3', '3', 'Model');
insert into products_options (products_options_id, language_id, products_options_name) values ('4', '1', 'Memory');
insert into products_options (products_options_id, language_id, products_options_name) values ('4', '2', 'Memory');
insert into products_options (products_options_id, language_id, products_options_name) values ('4', '3', 'Memory');
insert into products_options (products_options_id, language_id, products_options_name) values ('5', '1', 'Version');
insert into products_options (products_options_id, language_id, products_options_name) values ('5', '2', 'Version');
insert into products_options (products_options_id, language_id, products_options_name) values ('5', '3', 'Version');
drop table if exists products_options_values;
create table products_options_values (
  products_options_values_id int(11) default '0' not null ,
  language_id int(11) default '1' not null ,
  products_options_values_name varchar(64) not null ,
  PRIMARY KEY (products_options_values_id, language_id)
);

insert into products_options_values (products_options_values_id, language_id, products_options_values_name) values ('1', '1', '4 mb');
insert into products_options_values (products_options_values_id, language_id, products_options_values_name) values ('1', '2', '4 mb');
insert into products_options_values (products_options_values_id, language_id, products_options_values_name) values ('1', '3', '4 mb');
insert into products_options_values (products_options_values_id, language_id, products_options_values_name) values ('2', '1', '8 mb');
insert into products_options_values (products_options_values_id, language_id, products_options_values_name) values ('2', '2', '8 mb');
insert into products_options_values (products_options_values_id, language_id, products_options_values_name) values ('2', '3', '8 mb');
insert into products_options_values (products_options_values_id, language_id, products_options_values_name) values ('3', '1', '16 mb');
insert into products_options_values (products_options_values_id, language_id, products_options_values_name) values ('3', '2', '16 mb');
insert into products_options_values (products_options_values_id, language_id, products_options_values_name) values ('3', '3', '16 mb');
insert into products_options_values (products_options_values_id, language_id, products_options_values_name) values ('4', '1', '32 mb');
insert into products_options_values (products_options_values_id, language_id, products_options_values_name) values ('4', '2', '32 mb');
insert into products_options_values (products_options_values_id, language_id, products_options_values_name) values ('4', '3', '32 mb');
insert into products_options_values (products_options_values_id, language_id, products_options_values_name) values ('5', '1', 'Value');
insert into products_options_values (products_options_values_id, language_id, products_options_values_name) values ('5', '2', 'Value');
insert into products_options_values (products_options_values_id, language_id, products_options_values_name) values ('5', '3', 'Value');
insert into products_options_values (products_options_values_id, language_id, products_options_values_name) values ('6', '1', 'Premium');
insert into products_options_values (products_options_values_id, language_id, products_options_values_name) values ('6', '2', 'Premium');
insert into products_options_values (products_options_values_id, language_id, products_options_values_name) values ('6', '3', 'Premium');
insert into products_options_values (products_options_values_id, language_id, products_options_values_name) values ('7', '1', 'Deluxe');
insert into products_options_values (products_options_values_id, language_id, products_options_values_name) values ('7', '2', 'Deluxe');
insert into products_options_values (products_options_values_id, language_id, products_options_values_name) values ('7', '3', 'Deluxe');
insert into products_options_values (products_options_values_id, language_id, products_options_values_name) values ('8', '1', 'PS/2');
insert into products_options_values (products_options_values_id, language_id, products_options_values_name) values ('8', '2', 'PS/2');
insert into products_options_values (products_options_values_id, language_id, products_options_values_name) values ('8', '3', 'PS/2');
insert into products_options_values (products_options_values_id, language_id, products_options_values_name) values ('9', '1', 'USB');
insert into products_options_values (products_options_values_id, language_id, products_options_values_name) values ('9', '2', 'USB');
insert into products_options_values (products_options_values_id, language_id, products_options_values_name) values ('9', '3', 'USB');
insert into products_options_values (products_options_values_id, language_id, products_options_values_name) values ('10', '1', 'Download: Windows - English');
insert into products_options_values (products_options_values_id, language_id, products_options_values_name) values ('10', '2', 'Download: Windows - English');
insert into products_options_values (products_options_values_id, language_id, products_options_values_name) values ('10', '3', 'Download: Windows - English');
insert into products_options_values (products_options_values_id, language_id, products_options_values_name) values ('13', '1', 'Box: Windows - English');
insert into products_options_values (products_options_values_id, language_id, products_options_values_name) values ('13', '2', 'Box: Windows - English');
insert into products_options_values (products_options_values_id, language_id, products_options_values_name) values ('13', '3', 'Box: Windows - English');
insert into products_options_values (products_options_values_id, language_id, products_options_values_name) values ('14', '1', 'XL');
insert into products_options_values (products_options_values_id, language_id, products_options_values_name) values ('14', '2', 'XL');
insert into products_options_values (products_options_values_id, language_id, products_options_values_name) values ('14', '3', 'XL');
insert into products_options_values (products_options_values_id, language_id, products_options_values_name) values ('15', '1', 'M');
insert into products_options_values (products_options_values_id, language_id, products_options_values_name) values ('15', '2', 'M');
insert into products_options_values (products_options_values_id, language_id, products_options_values_name) values ('15', '3', 'M');
insert into products_options_values (products_options_values_id, language_id, products_options_values_name) values ('16', '1', 'L');
insert into products_options_values (products_options_values_id, language_id, products_options_values_name) values ('16', '2', 'L');
insert into products_options_values (products_options_values_id, language_id, products_options_values_name) values ('16', '3', 'L');
insert into products_options_values (products_options_values_id, language_id, products_options_values_name) values ('17', '1', 'S');
insert into products_options_values (products_options_values_id, language_id, products_options_values_name) values ('17', '2', 'S');
insert into products_options_values (products_options_values_id, language_id, products_options_values_name) values ('17', '3', 'S');
insert into products_options_values (products_options_values_id, language_id, products_options_values_name) values ('18', '1', 'Gray');
insert into products_options_values (products_options_values_id, language_id, products_options_values_name) values ('18', '2', 'Gray');
insert into products_options_values (products_options_values_id, language_id, products_options_values_name) values ('18', '3', 'Gray');
insert into products_options_values (products_options_values_id, language_id, products_options_values_name) values ('19', '1', 'Black');
insert into products_options_values (products_options_values_id, language_id, products_options_values_name) values ('19', '2', 'Black');
insert into products_options_values (products_options_values_id, language_id, products_options_values_name) values ('19', '3', 'Black');
insert into products_options_values (products_options_values_id, language_id, products_options_values_name) values ('20', '1', 'Blue');
insert into products_options_values (products_options_values_id, language_id, products_options_values_name) values ('20', '2', 'Blue');
insert into products_options_values (products_options_values_id, language_id, products_options_values_name) values ('20', '3', 'Blue');
drop table if exists products_options_values_to_products_options;
create table products_options_values_to_products_options (
  products_options_values_to_products_options_id int(11) not null auto_increment,
  products_options_id int(11) not null ,
  products_options_values_id int(11) not null ,
  PRIMARY KEY (products_options_values_to_products_options_id)
);

insert into products_options_values_to_products_options (products_options_values_to_products_options_id, products_options_id, products_options_values_id) values ('1', '4', '1');
insert into products_options_values_to_products_options (products_options_values_to_products_options_id, products_options_id, products_options_values_id) values ('2', '4', '2');
insert into products_options_values_to_products_options (products_options_values_to_products_options_id, products_options_id, products_options_values_id) values ('3', '4', '3');
insert into products_options_values_to_products_options (products_options_values_to_products_options_id, products_options_id, products_options_values_id) values ('4', '4', '4');
insert into products_options_values_to_products_options (products_options_values_to_products_options_id, products_options_id, products_options_values_id) values ('5', '3', '5');
insert into products_options_values_to_products_options (products_options_values_to_products_options_id, products_options_id, products_options_values_id) values ('6', '3', '6');
insert into products_options_values_to_products_options (products_options_values_to_products_options_id, products_options_id, products_options_values_id) values ('7', '3', '7');
insert into products_options_values_to_products_options (products_options_values_to_products_options_id, products_options_id, products_options_values_id) values ('8', '3', '8');
insert into products_options_values_to_products_options (products_options_values_to_products_options_id, products_options_id, products_options_values_id) values ('9', '3', '9');
insert into products_options_values_to_products_options (products_options_values_to_products_options_id, products_options_id, products_options_values_id) values ('10', '5', '10');
insert into products_options_values_to_products_options (products_options_values_to_products_options_id, products_options_id, products_options_values_id) values ('13', '5', '13');
insert into products_options_values_to_products_options (products_options_values_to_products_options_id, products_options_id, products_options_values_id) values ('14', '2', '14');
insert into products_options_values_to_products_options (products_options_values_to_products_options_id, products_options_id, products_options_values_id) values ('15', '2', '15');
insert into products_options_values_to_products_options (products_options_values_to_products_options_id, products_options_id, products_options_values_id) values ('16', '2', '16');
insert into products_options_values_to_products_options (products_options_values_to_products_options_id, products_options_id, products_options_values_id) values ('17', '2', '17');
insert into products_options_values_to_products_options (products_options_values_to_products_options_id, products_options_id, products_options_values_id) values ('18', '1', '18');
insert into products_options_values_to_products_options (products_options_values_to_products_options_id, products_options_id, products_options_values_id) values ('19', '1', '19');
insert into products_options_values_to_products_options (products_options_values_to_products_options_id, products_options_id, products_options_values_id) values ('20', '1', '20');
drop table if exists products_to_categories;
create table products_to_categories (
  products_id int(11) not null ,
  categories_id int(11) not null ,
  PRIMARY KEY (products_id, categories_id)
);

insert into products_to_categories (products_id, categories_id) values ('29', '16');
insert into products_to_categories (products_id, categories_id) values ('30', '16');
insert into products_to_categories (products_id, categories_id) values ('31', '17');
insert into products_to_categories (products_id, categories_id) values ('32', '2');
insert into products_to_categories (products_id, categories_id) values ('33', '2');
insert into products_to_categories (products_id, categories_id) values ('34', '3');
insert into products_to_categories (products_id, categories_id) values ('35', '3');
insert into products_to_categories (products_id, categories_id) values ('36', '3');
insert into products_to_categories (products_id, categories_id) values ('37', '21');
insert into products_to_categories (products_id, categories_id) values ('38', '22');
drop table if exists reviews;
create table reviews (
  reviews_id int(11) not null auto_increment,
  products_id int(11) not null ,
  customers_id int(11) ,
  customers_name varchar(255) not null ,
  reviews_rating int(1) ,
  date_added datetime ,
  last_modified datetime ,
  reviews_status tinyint(1) default '0' not null ,
  reviews_read int(5) default '0' not null ,
  PRIMARY KEY (reviews_id),
  KEY idx_reviews_products_id (products_id),
  KEY idx_reviews_customers_id (customers_id)
);

insert into reviews (reviews_id, products_id, customers_id, customers_name, reviews_rating, date_added, last_modified, reviews_status, reviews_read) values ('2', '31', '1', 'dian santoso', '4', '2012-09-27 08:37:48', '2012-09-27 08:39:22', '1', '6');
insert into reviews (reviews_id, products_id, customers_id, customers_name, reviews_rating, date_added, last_modified, reviews_status, reviews_read) values ('3', '33', '1', 'dian santoso', '3', '2012-09-27 08:38:45', '2012-09-27 08:39:21', '1', '20');
insert into reviews (reviews_id, products_id, customers_id, customers_name, reviews_rating, date_added, last_modified, reviews_status, reviews_read) values ('4', '38', '1', 'dian santoso', '5', '2012-09-27 08:39:09', '2012-09-27 08:39:20', '1', '27');
drop table if exists reviews_description;
create table reviews_description (
  reviews_id int(11) not null ,
  languages_id int(11) not null ,
  reviews_text text not null ,
  PRIMARY KEY (reviews_id, languages_id)
);

insert into reviews_description (reviews_id, languages_id, reviews_text) values ('2', '1', 'Praesent ornare, massa vel commodo faucibus, leo lacus interdum sapien, quis feugiat justo ante eu libero. Integer pellentesque iaculis ipsum, et auctor turpis porttitor eget. Curabitur sit amet neque quis massa vulputate egestas vel nec tellus. Nam non metus arcu');
insert into reviews_description (reviews_id, languages_id, reviews_text) values ('3', '1', 'Integer pellentesque iaculis ipsum, et auctor turpis porttitor eget. Curabitur sit amet neque quis massa vulputate egestas vel nec tellus. Nam non metus arcu. Praesent ornare, massa vel commodo faucibus, leo lacus interdum sapien, quis feugiat justo ante eu libero.');
insert into reviews_description (reviews_id, languages_id, reviews_text) values ('4', '1', 'Praesent ornare, massa vel commodo faucibus, leo lacus interdum sapien, quis feugiat justo ante eu libero.');
drop table if exists sec_directory_whitelist;
create table sec_directory_whitelist (
  id int(11) not null auto_increment,
  directory varchar(255) not null ,
  PRIMARY KEY (id)
);

insert into sec_directory_whitelist (id, directory) values ('1', 'admin/backups');
insert into sec_directory_whitelist (id, directory) values ('2', 'admin/images/graphs');
insert into sec_directory_whitelist (id, directory) values ('3', 'images');
insert into sec_directory_whitelist (id, directory) values ('4', 'images/banners');
insert into sec_directory_whitelist (id, directory) values ('5', 'images/dvd');
insert into sec_directory_whitelist (id, directory) values ('6', 'images/gt_interactive');
insert into sec_directory_whitelist (id, directory) values ('7', 'images/hewlett_packard');
insert into sec_directory_whitelist (id, directory) values ('8', 'images/matrox');
insert into sec_directory_whitelist (id, directory) values ('9', 'images/microsoft');
insert into sec_directory_whitelist (id, directory) values ('10', 'images/samsung');
insert into sec_directory_whitelist (id, directory) values ('11', 'images/sierra');
insert into sec_directory_whitelist (id, directory) values ('12', 'includes/work');
insert into sec_directory_whitelist (id, directory) values ('13', 'pub');
drop table if exists sessions;
create table sessions (
  sesskey varchar(32) not null ,
  expiry int(11) unsigned not null ,
  value text not null ,
  PRIMARY KEY (sesskey)
);

drop table if exists slideshow;
create table slideshow (
  slideshow_id int(11) not null auto_increment,
  slideshow_name varchar(255) not null ,
  slideshow_description text not null ,
  slideshow_image varchar(255) ,
  slideshow_url tinytext not null ,
  date_added datetime ,
  last_modified datetime ,
  PRIMARY KEY (slideshow_id)
);

insert into slideshow (slideshow_id, slideshow_name, slideshow_description, slideshow_image, slideshow_url, date_added, last_modified) values ('16', 'ban1', 'baner1', 'slideshow/banner.png', 'http://www.eyefuldesign.info', '2013-03-15 19:37:49', NULL);
insert into slideshow (slideshow_id, slideshow_name, slideshow_description, slideshow_image, slideshow_url, date_added, last_modified) values ('17', 'ban 2', 'banner 2', 'slideshow/banner.png', 'http://www.eyefuldesign.info', '2013-03-15 19:38:21', NULL);
insert into slideshow (slideshow_id, slideshow_name, slideshow_description, slideshow_image, slideshow_url, date_added, last_modified) values ('18', 'ban3', 'banner 3', 'slideshow/banner.png', 'http://www.eyefuldesign.info', '2013-03-15 19:38:47', NULL);
drop table if exists specials;
create table specials (
  specials_id int(11) not null auto_increment,
  products_id int(11) not null ,
  specials_new_products_price decimal(15,4) not null ,
  specials_date_added datetime ,
  specials_last_modified datetime ,
  expires_date datetime ,
  date_status_change datetime ,
  status int(1) default '1' not null ,
  PRIMARY KEY (specials_id),
  KEY idx_specials_products_id (products_id)
);

insert into specials (specials_id, products_id, specials_new_products_price, specials_date_added, specials_last_modified, expires_date, date_status_change, status) values ('5', '29', '122.0000', '2012-09-27 08:32:34', NULL, NULL, NULL, '1');
insert into specials (specials_id, products_id, specials_new_products_price, specials_date_added, specials_last_modified, expires_date, date_status_change, status) values ('6', '30', '122.0000', '2012-09-27 08:32:51', NULL, NULL, NULL, '1');
insert into specials (specials_id, products_id, specials_new_products_price, specials_date_added, specials_last_modified, expires_date, date_status_change, status) values ('7', '31', '121.0000', '2012-09-27 08:33:04', '2013-03-15 09:27:12', NULL, NULL, '1');
insert into specials (specials_id, products_id, specials_new_products_price, specials_date_added, specials_last_modified, expires_date, date_status_change, status) values ('8', '35', '120.0000', '2012-09-27 08:33:24', NULL, NULL, NULL, '1');
drop table if exists tax_class;
create table tax_class (
  tax_class_id int(11) not null auto_increment,
  tax_class_title varchar(32) not null ,
  tax_class_description varchar(255) not null ,
  last_modified datetime ,
  date_added datetime not null ,
  PRIMARY KEY (tax_class_id)
);

insert into tax_class (tax_class_id, tax_class_title, tax_class_description, last_modified, date_added) values ('1', 'Taxable Goods', 'The following types of products are included non-food, services, etc', '2012-08-25 08:49:02', '2012-08-25 08:49:02');
drop table if exists tax_rates;
create table tax_rates (
  tax_rates_id int(11) not null auto_increment,
  tax_zone_id int(11) not null ,
  tax_class_id int(11) not null ,
  tax_priority int(5) default '1' ,
  tax_rate decimal(7,4) not null ,
  tax_description varchar(255) not null ,
  last_modified datetime ,
  date_added datetime not null ,
  PRIMARY KEY (tax_rates_id)
);

insert into tax_rates (tax_rates_id, tax_zone_id, tax_class_id, tax_priority, tax_rate, tax_description, last_modified, date_added) values ('1', '1', '1', '1', '7.0000', 'FL TAX 7.0%', '2012-08-25 08:49:02', '2012-08-25 08:49:02');
drop table if exists whos_online;
create table whos_online (
  customer_id int(11) ,
  full_name varchar(255) not null ,
  session_id varchar(128) not null ,
  ip_address varchar(15) not null ,
  time_entry varchar(14) not null ,
  time_last_click varchar(14) not null ,
  last_page_url text not null 
);

drop table if exists zones;
create table zones (
  zone_id int(11) not null auto_increment,
  zone_country_id int(11) not null ,
  zone_code varchar(32) not null ,
  zone_name varchar(255) not null ,
  PRIMARY KEY (zone_id),
  KEY idx_zones_country_id (zone_country_id)
);

insert into zones (zone_id, zone_country_id, zone_code, zone_name) values ('1', '223', 'AL', 'Alabama');
insert into zones (zone_id, zone_country_id, zone_code, zone_name) values ('2', '223', 'AK', 'Alaska');
insert into zones (zone_id, zone_country_id, zone_code, zone_name) values ('3', '223', 'AS', 'American Samoa');
insert into zones (zone_id, zone_country_id, zone_code, zone_name) values ('4', '223', 'AZ', 'Arizona');
insert into zones (zone_id, zone_country_id, zone_code, zone_name) values ('5', '223', 'AR', 'Arkansas');
insert into zones (zone_id, zone_country_id, zone_code, zone_name) values ('6', '223', 'AF', 'Armed Forces Africa');
insert into zones (zone_id, zone_country_id, zone_code, zone_name) values ('7', '223', 'AA', 'Armed Forces Americas');
insert into zones (zone_id, zone_country_id, zone_code, zone_name) values ('8', '223', 'AC', 'Armed Forces Canada');
insert into zones (zone_id, zone_country_id, zone_code, zone_name) values ('9', '223', 'AE', 'Armed Forces Europe');
insert into zones (zone_id, zone_country_id, zone_code, zone_name) values ('10', '223', 'AM', 'Armed Forces Middle East');
insert into zones (zone_id, zone_country_id, zone_code, zone_name) values ('11', '223', 'AP', 'Armed Forces Pacific');
insert into zones (zone_id, zone_country_id, zone_code, zone_name) values ('12', '223', 'CA', 'California');
insert into zones (zone_id, zone_country_id, zone_code, zone_name) values ('13', '223', 'CO', 'Colorado');
insert into zones (zone_id, zone_country_id, zone_code, zone_name) values ('14', '223', 'CT', 'Connecticut');
insert into zones (zone_id, zone_country_id, zone_code, zone_name) values ('15', '223', 'DE', 'Delaware');
insert into zones (zone_id, zone_country_id, zone_code, zone_name) values ('16', '223', 'DC', 'District of Columbia');
insert into zones (zone_id, zone_country_id, zone_code, zone_name) values ('17', '223', 'FM', 'Federated States Of Micronesia');
insert into zones (zone_id, zone_country_id, zone_code, zone_name) values ('18', '223', 'FL', 'Florida');
insert into zones (zone_id, zone_country_id, zone_code, zone_name) values ('19', '223', 'GA', 'Georgia');
insert into zones (zone_id, zone_country_id, zone_code, zone_name) values ('20', '223', 'GU', 'Guam');
insert into zones (zone_id, zone_country_id, zone_code, zone_name) values ('21', '223', 'HI', 'Hawaii');
insert into zones (zone_id, zone_country_id, zone_code, zone_name) values ('22', '223', 'ID', 'Idaho');
insert into zones (zone_id, zone_country_id, zone_code, zone_name) values ('23', '223', 'IL', 'Illinois');
insert into zones (zone_id, zone_country_id, zone_code, zone_name) values ('24', '223', 'IN', 'Indiana');
insert into zones (zone_id, zone_country_id, zone_code, zone_name) values ('25', '223', 'IA', 'Iowa');
insert into zones (zone_id, zone_country_id, zone_code, zone_name) values ('26', '223', 'KS', 'Kansas');
insert into zones (zone_id, zone_country_id, zone_code, zone_name) values ('27', '223', 'KY', 'Kentucky');
insert into zones (zone_id, zone_country_id, zone_code, zone_name) values ('28', '223', 'LA', 'Louisiana');
insert into zones (zone_id, zone_country_id, zone_code, zone_name) values ('29', '223', 'ME', 'Maine');
insert into zones (zone_id, zone_country_id, zone_code, zone_name) values ('30', '223', 'MH', 'Marshall Islands');
insert into zones (zone_id, zone_country_id, zone_code, zone_name) values ('31', '223', 'MD', 'Maryland');
insert into zones (zone_id, zone_country_id, zone_code, zone_name) values ('32', '223', 'MA', 'Massachusetts');
insert into zones (zone_id, zone_country_id, zone_code, zone_name) values ('33', '223', 'MI', 'Michigan');
insert into zones (zone_id, zone_country_id, zone_code, zone_name) values ('34', '223', 'MN', 'Minnesota');
insert into zones (zone_id, zone_country_id, zone_code, zone_name) values ('35', '223', 'MS', 'Mississippi');
insert into zones (zone_id, zone_country_id, zone_code, zone_name) values ('36', '223', 'MO', 'Missouri');
insert into zones (zone_id, zone_country_id, zone_code, zone_name) values ('37', '223', 'MT', 'Montana');
insert into zones (zone_id, zone_country_id, zone_code, zone_name) values ('38', '223', 'NE', 'Nebraska');
insert into zones (zone_id, zone_country_id, zone_code, zone_name) values ('39', '223', 'NV', 'Nevada');
insert into zones (zone_id, zone_country_id, zone_code, zone_name) values ('40', '223', 'NH', 'New Hampshire');
insert into zones (zone_id, zone_country_id, zone_code, zone_name) values ('41', '223', 'NJ', 'New Jersey');
insert into zones (zone_id, zone_country_id, zone_code, zone_name) values ('42', '223', 'NM', 'New Mexico');
insert into zones (zone_id, zone_country_id, zone_code, zone_name) values ('43', '223', 'NY', 'New York');
insert into zones (zone_id, zone_country_id, zone_code, zone_name) values ('44', '223', 'NC', 'North Carolina');
insert into zones (zone_id, zone_country_id, zone_code, zone_name) values ('45', '223', 'ND', 'North Dakota');
insert into zones (zone_id, zone_country_id, zone_code, zone_name) values ('46', '223', 'MP', 'Northern Mariana Islands');
insert into zones (zone_id, zone_country_id, zone_code, zone_name) values ('47', '223', 'OH', 'Ohio');
insert into zones (zone_id, zone_country_id, zone_code, zone_name) values ('48', '223', 'OK', 'Oklahoma');
insert into zones (zone_id, zone_country_id, zone_code, zone_name) values ('49', '223', 'OR', 'Oregon');
insert into zones (zone_id, zone_country_id, zone_code, zone_name) values ('50', '223', 'PW', 'Palau');
insert into zones (zone_id, zone_country_id, zone_code, zone_name) values ('51', '223', 'PA', 'Pennsylvania');
insert into zones (zone_id, zone_country_id, zone_code, zone_name) values ('52', '223', 'PR', 'Puerto Rico');
insert into zones (zone_id, zone_country_id, zone_code, zone_name) values ('53', '223', 'RI', 'Rhode Island');
insert into zones (zone_id, zone_country_id, zone_code, zone_name) values ('54', '223', 'SC', 'South Carolina');
insert into zones (zone_id, zone_country_id, zone_code, zone_name) values ('55', '223', 'SD', 'South Dakota');
insert into zones (zone_id, zone_country_id, zone_code, zone_name) values ('56', '223', 'TN', 'Tennessee');
insert into zones (zone_id, zone_country_id, zone_code, zone_name) values ('57', '223', 'TX', 'Texas');
insert into zones (zone_id, zone_country_id, zone_code, zone_name) values ('58', '223', 'UT', 'Utah');
insert into zones (zone_id, zone_country_id, zone_code, zone_name) values ('59', '223', 'VT', 'Vermont');
insert into zones (zone_id, zone_country_id, zone_code, zone_name) values ('60', '223', 'VI', 'Virgin Islands');
insert into zones (zone_id, zone_country_id, zone_code, zone_name) values ('61', '223', 'VA', 'Virginia');
insert into zones (zone_id, zone_country_id, zone_code, zone_name) values ('62', '223', 'WA', 'Washington');
insert into zones (zone_id, zone_country_id, zone_code, zone_name) values ('63', '223', 'WV', 'West Virginia');
insert into zones (zone_id, zone_country_id, zone_code, zone_name) values ('64', '223', 'WI', 'Wisconsin');
insert into zones (zone_id, zone_country_id, zone_code, zone_name) values ('65', '223', 'WY', 'Wyoming');
insert into zones (zone_id, zone_country_id, zone_code, zone_name) values ('66', '38', 'AB', 'Alberta');
insert into zones (zone_id, zone_country_id, zone_code, zone_name) values ('67', '38', 'BC', 'British Columbia');
insert into zones (zone_id, zone_country_id, zone_code, zone_name) values ('68', '38', 'MB', 'Manitoba');
insert into zones (zone_id, zone_country_id, zone_code, zone_name) values ('69', '38', 'NF', 'Newfoundland');
insert into zones (zone_id, zone_country_id, zone_code, zone_name) values ('70', '38', 'NB', 'New Brunswick');
insert into zones (zone_id, zone_country_id, zone_code, zone_name) values ('71', '38', 'NS', 'Nova Scotia');
insert into zones (zone_id, zone_country_id, zone_code, zone_name) values ('72', '38', 'NT', 'Northwest Territories');
insert into zones (zone_id, zone_country_id, zone_code, zone_name) values ('73', '38', 'NU', 'Nunavut');
insert into zones (zone_id, zone_country_id, zone_code, zone_name) values ('74', '38', 'ON', 'Ontario');
insert into zones (zone_id, zone_country_id, zone_code, zone_name) values ('75', '38', 'PE', 'Prince Edward Island');
insert into zones (zone_id, zone_country_id, zone_code, zone_name) values ('76', '38', 'QC', 'Quebec');
insert into zones (zone_id, zone_country_id, zone_code, zone_name) values ('77', '38', 'SK', 'Saskatchewan');
insert into zones (zone_id, zone_country_id, zone_code, zone_name) values ('78', '38', 'YT', 'Yukon Territory');
insert into zones (zone_id, zone_country_id, zone_code, zone_name) values ('79', '81', 'NDS', 'Niedersachsen');
insert into zones (zone_id, zone_country_id, zone_code, zone_name) values ('80', '81', 'BAW', 'Baden-Wrttemberg');
insert into zones (zone_id, zone_country_id, zone_code, zone_name) values ('81', '81', 'BAY', 'Bayern');
insert into zones (zone_id, zone_country_id, zone_code, zone_name) values ('82', '81', 'BER', 'Berlin');
insert into zones (zone_id, zone_country_id, zone_code, zone_name) values ('83', '81', 'BRG', 'Brandenburg');
insert into zones (zone_id, zone_country_id, zone_code, zone_name) values ('84', '81', 'BRE', 'Bremen');
insert into zones (zone_id, zone_country_id, zone_code, zone_name) values ('85', '81', 'HAM', 'Hamburg');
insert into zones (zone_id, zone_country_id, zone_code, zone_name) values ('86', '81', 'HES', 'Hessen');
insert into zones (zone_id, zone_country_id, zone_code, zone_name) values ('87', '81', 'MEC', 'Mecklenburg-Vorpommern');
insert into zones (zone_id, zone_country_id, zone_code, zone_name) values ('88', '81', 'NRW', 'Nordrhein-Westfalen');
insert into zones (zone_id, zone_country_id, zone_code, zone_name) values ('89', '81', 'RHE', 'Rheinland-Pfalz');
insert into zones (zone_id, zone_country_id, zone_code, zone_name) values ('90', '81', 'SAR', 'Saarland');
insert into zones (zone_id, zone_country_id, zone_code, zone_name) values ('91', '81', 'SAS', 'Sachsen');
insert into zones (zone_id, zone_country_id, zone_code, zone_name) values ('92', '81', 'SAC', 'Sachsen-Anhalt');
insert into zones (zone_id, zone_country_id, zone_code, zone_name) values ('93', '81', 'SCN', 'Schleswig-Holstein');
insert into zones (zone_id, zone_country_id, zone_code, zone_name) values ('94', '81', 'THE', 'Thringen');
insert into zones (zone_id, zone_country_id, zone_code, zone_name) values ('95', '14', 'WI', 'Wien');
insert into zones (zone_id, zone_country_id, zone_code, zone_name) values ('96', '14', 'NO', 'Niedersterreich');
insert into zones (zone_id, zone_country_id, zone_code, zone_name) values ('97', '14', 'OO', 'Obersterreich');
insert into zones (zone_id, zone_country_id, zone_code, zone_name) values ('98', '14', 'SB', 'Salzburg');
insert into zones (zone_id, zone_country_id, zone_code, zone_name) values ('99', '14', 'KN', 'Krnten');
insert into zones (zone_id, zone_country_id, zone_code, zone_name) values ('100', '14', 'ST', 'Steiermark');
insert into zones (zone_id, zone_country_id, zone_code, zone_name) values ('101', '14', 'TI', 'Tirol');
insert into zones (zone_id, zone_country_id, zone_code, zone_name) values ('102', '14', 'BL', 'Burgenland');
insert into zones (zone_id, zone_country_id, zone_code, zone_name) values ('103', '14', 'VB', 'Voralberg');
insert into zones (zone_id, zone_country_id, zone_code, zone_name) values ('104', '204', 'AG', 'Aargau');
insert into zones (zone_id, zone_country_id, zone_code, zone_name) values ('105', '204', 'AI', 'Appenzell Innerrhoden');
insert into zones (zone_id, zone_country_id, zone_code, zone_name) values ('106', '204', 'AR', 'Appenzell Ausserrhoden');
insert into zones (zone_id, zone_country_id, zone_code, zone_name) values ('107', '204', 'BE', 'Bern');
insert into zones (zone_id, zone_country_id, zone_code, zone_name) values ('108', '204', 'BL', 'Basel-Landschaft');
insert into zones (zone_id, zone_country_id, zone_code, zone_name) values ('109', '204', 'BS', 'Basel-Stadt');
insert into zones (zone_id, zone_country_id, zone_code, zone_name) values ('110', '204', 'FR', 'Freiburg');
insert into zones (zone_id, zone_country_id, zone_code, zone_name) values ('111', '204', 'GE', 'Genf');
insert into zones (zone_id, zone_country_id, zone_code, zone_name) values ('112', '204', 'GL', 'Glarus');
insert into zones (zone_id, zone_country_id, zone_code, zone_name) values ('113', '204', 'JU', 'Graubnden');
insert into zones (zone_id, zone_country_id, zone_code, zone_name) values ('114', '204', 'JU', 'Jura');
insert into zones (zone_id, zone_country_id, zone_code, zone_name) values ('115', '204', 'LU', 'Luzern');
insert into zones (zone_id, zone_country_id, zone_code, zone_name) values ('116', '204', 'NE', 'Neuenburg');
insert into zones (zone_id, zone_country_id, zone_code, zone_name) values ('117', '204', 'NW', 'Nidwalden');
insert into zones (zone_id, zone_country_id, zone_code, zone_name) values ('118', '204', 'OW', 'Obwalden');
insert into zones (zone_id, zone_country_id, zone_code, zone_name) values ('119', '204', 'SG', 'St. Gallen');
insert into zones (zone_id, zone_country_id, zone_code, zone_name) values ('120', '204', 'SH', 'Schaffhausen');
insert into zones (zone_id, zone_country_id, zone_code, zone_name) values ('121', '204', 'SO', 'Solothurn');
insert into zones (zone_id, zone_country_id, zone_code, zone_name) values ('122', '204', 'SZ', 'Schwyz');
insert into zones (zone_id, zone_country_id, zone_code, zone_name) values ('123', '204', 'TG', 'Thurgau');
insert into zones (zone_id, zone_country_id, zone_code, zone_name) values ('124', '204', 'TI', 'Tessin');
insert into zones (zone_id, zone_country_id, zone_code, zone_name) values ('125', '204', 'UR', 'Uri');
insert into zones (zone_id, zone_country_id, zone_code, zone_name) values ('126', '204', 'VD', 'Waadt');
insert into zones (zone_id, zone_country_id, zone_code, zone_name) values ('127', '204', 'VS', 'Wallis');
insert into zones (zone_id, zone_country_id, zone_code, zone_name) values ('128', '204', 'ZG', 'Zug');
insert into zones (zone_id, zone_country_id, zone_code, zone_name) values ('129', '204', 'ZH', 'Zrich');
insert into zones (zone_id, zone_country_id, zone_code, zone_name) values ('130', '195', 'A Corua', 'A Corua');
insert into zones (zone_id, zone_country_id, zone_code, zone_name) values ('131', '195', 'Alava', 'Alava');
insert into zones (zone_id, zone_country_id, zone_code, zone_name) values ('132', '195', 'Albacete', 'Albacete');
insert into zones (zone_id, zone_country_id, zone_code, zone_name) values ('133', '195', 'Alicante', 'Alicante');
insert into zones (zone_id, zone_country_id, zone_code, zone_name) values ('134', '195', 'Almeria', 'Almeria');
insert into zones (zone_id, zone_country_id, zone_code, zone_name) values ('135', '195', 'Asturias', 'Asturias');
insert into zones (zone_id, zone_country_id, zone_code, zone_name) values ('136', '195', 'Avila', 'Avila');
insert into zones (zone_id, zone_country_id, zone_code, zone_name) values ('137', '195', 'Badajoz', 'Badajoz');
insert into zones (zone_id, zone_country_id, zone_code, zone_name) values ('138', '195', 'Baleares', 'Baleares');
insert into zones (zone_id, zone_country_id, zone_code, zone_name) values ('139', '195', 'Barcelona', 'Barcelona');
insert into zones (zone_id, zone_country_id, zone_code, zone_name) values ('140', '195', 'Burgos', 'Burgos');
insert into zones (zone_id, zone_country_id, zone_code, zone_name) values ('141', '195', 'Caceres', 'Caceres');
insert into zones (zone_id, zone_country_id, zone_code, zone_name) values ('142', '195', 'Cadiz', 'Cadiz');
insert into zones (zone_id, zone_country_id, zone_code, zone_name) values ('143', '195', 'Cantabria', 'Cantabria');
insert into zones (zone_id, zone_country_id, zone_code, zone_name) values ('144', '195', 'Castellon', 'Castellon');
insert into zones (zone_id, zone_country_id, zone_code, zone_name) values ('145', '195', 'Ceuta', 'Ceuta');
insert into zones (zone_id, zone_country_id, zone_code, zone_name) values ('146', '195', 'Ciudad Real', 'Ciudad Real');
insert into zones (zone_id, zone_country_id, zone_code, zone_name) values ('147', '195', 'Cordoba', 'Cordoba');
insert into zones (zone_id, zone_country_id, zone_code, zone_name) values ('148', '195', 'Cuenca', 'Cuenca');
insert into zones (zone_id, zone_country_id, zone_code, zone_name) values ('149', '195', 'Girona', 'Girona');
insert into zones (zone_id, zone_country_id, zone_code, zone_name) values ('150', '195', 'Granada', 'Granada');
insert into zones (zone_id, zone_country_id, zone_code, zone_name) values ('151', '195', 'Guadalajara', 'Guadalajara');
insert into zones (zone_id, zone_country_id, zone_code, zone_name) values ('152', '195', 'Guipuzcoa', 'Guipuzcoa');
insert into zones (zone_id, zone_country_id, zone_code, zone_name) values ('153', '195', 'Huelva', 'Huelva');
insert into zones (zone_id, zone_country_id, zone_code, zone_name) values ('154', '195', 'Huesca', 'Huesca');
insert into zones (zone_id, zone_country_id, zone_code, zone_name) values ('155', '195', 'Jaen', 'Jaen');
insert into zones (zone_id, zone_country_id, zone_code, zone_name) values ('156', '195', 'La Rioja', 'La Rioja');
insert into zones (zone_id, zone_country_id, zone_code, zone_name) values ('157', '195', 'Las Palmas', 'Las Palmas');
insert into zones (zone_id, zone_country_id, zone_code, zone_name) values ('158', '195', 'Leon', 'Leon');
insert into zones (zone_id, zone_country_id, zone_code, zone_name) values ('159', '195', 'Lleida', 'Lleida');
insert into zones (zone_id, zone_country_id, zone_code, zone_name) values ('160', '195', 'Lugo', 'Lugo');
insert into zones (zone_id, zone_country_id, zone_code, zone_name) values ('161', '195', 'Madrid', 'Madrid');
insert into zones (zone_id, zone_country_id, zone_code, zone_name) values ('162', '195', 'Malaga', 'Malaga');
insert into zones (zone_id, zone_country_id, zone_code, zone_name) values ('163', '195', 'Melilla', 'Melilla');
insert into zones (zone_id, zone_country_id, zone_code, zone_name) values ('164', '195', 'Murcia', 'Murcia');
insert into zones (zone_id, zone_country_id, zone_code, zone_name) values ('165', '195', 'Navarra', 'Navarra');
insert into zones (zone_id, zone_country_id, zone_code, zone_name) values ('166', '195', 'Ourense', 'Ourense');
insert into zones (zone_id, zone_country_id, zone_code, zone_name) values ('167', '195', 'Palencia', 'Palencia');
insert into zones (zone_id, zone_country_id, zone_code, zone_name) values ('168', '195', 'Pontevedra', 'Pontevedra');
insert into zones (zone_id, zone_country_id, zone_code, zone_name) values ('169', '195', 'Salamanca', 'Salamanca');
insert into zones (zone_id, zone_country_id, zone_code, zone_name) values ('170', '195', 'Santa Cruz de Tenerife', 'Santa Cruz de Tenerife');
insert into zones (zone_id, zone_country_id, zone_code, zone_name) values ('171', '195', 'Segovia', 'Segovia');
insert into zones (zone_id, zone_country_id, zone_code, zone_name) values ('172', '195', 'Sevilla', 'Sevilla');
insert into zones (zone_id, zone_country_id, zone_code, zone_name) values ('173', '195', 'Soria', 'Soria');
insert into zones (zone_id, zone_country_id, zone_code, zone_name) values ('174', '195', 'Tarragona', 'Tarragona');
insert into zones (zone_id, zone_country_id, zone_code, zone_name) values ('175', '195', 'Teruel', 'Teruel');
insert into zones (zone_id, zone_country_id, zone_code, zone_name) values ('176', '195', 'Toledo', 'Toledo');
insert into zones (zone_id, zone_country_id, zone_code, zone_name) values ('177', '195', 'Valencia', 'Valencia');
insert into zones (zone_id, zone_country_id, zone_code, zone_name) values ('178', '195', 'Valladolid', 'Valladolid');
insert into zones (zone_id, zone_country_id, zone_code, zone_name) values ('179', '195', 'Vizcaya', 'Vizcaya');
insert into zones (zone_id, zone_country_id, zone_code, zone_name) values ('180', '195', 'Zamora', 'Zamora');
insert into zones (zone_id, zone_country_id, zone_code, zone_name) values ('181', '195', 'Zaragoza', 'Zaragoza');
drop table if exists zones_to_geo_zones;
create table zones_to_geo_zones (
  association_id int(11) not null auto_increment,
  zone_country_id int(11) not null ,
  zone_id int(11) ,
  geo_zone_id int(11) ,
  last_modified datetime ,
  date_added datetime not null ,
  PRIMARY KEY (association_id),
  KEY idx_zones_to_geo_zones_country_id (zone_country_id)
);

insert into zones_to_geo_zones (association_id, zone_country_id, zone_id, geo_zone_id, last_modified, date_added) values ('1', '223', '18', '1', NULL, '2012-08-25 08:49:02');
